Date;Cumul_dT
01/11/2011 00:00;0
01/11/2011 00:15;0
01/11/2011 00:30;0
01/11/2011 00:45;0
01/11/2011 01:00;0
01/11/2011 01:15;0
01/11/2011 01:30;0
01/11/2011 01:45;0.0167358174752582
01/11/2011 02:00;0.0669432699010328
01/11/2011 02:15;0
01/11/2011 02:30;0
01/11/2011 02:45;0
01/11/2011 03:00;0
01/11/2011 03:15;0
01/11/2011 03:30;0
01/11/2011 03:45;0
01/11/2011 04:00;0
01/11/2011 04:15;0
01/11/2011 04:30;0
01/11/2011 04:45;0
01/11/2011 05:00;0
01/11/2011 05:15;0
01/11/2011 05:30;0
01/11/2011 05:45;0
01/11/2011 06:00;0
01/11/2011 06:15;0
01/11/2011 06:30;0
01/11/2011 06:45;0
01/11/2011 07:00;0
01/11/2011 07:15;0
01/11/2011 07:30;0
01/11/2011 07:45;0
01/11/2011 08:00;0
01/11/2011 08:15;0
01/11/2011 08:30;0
01/11/2011 08:45;0
01/11/2011 09:00;0
01/11/2011 09:15;0
01/11/2011 09:30;0
01/11/2011 09:45;0
01/11/2011 10:00;0
01/11/2011 10:15;0
01/11/2011 10:30;0
01/11/2011 10:45;0
01/11/2011 11:00;0
01/11/2011 11:15;0
01/11/2011 11:30;0
01/11/2011 11:45;0
01/11/2011 12:00;0
01/11/2011 12:15;0
01/11/2011 12:30;0
01/11/2011 12:45;0
01/11/2011 13:00;0
01/11/2011 13:15;0
01/11/2011 13:30;0
01/11/2011 13:45;0
01/11/2011 14:00;0
01/11/2011 14:15;0
01/11/2011 14:30;0
01/11/2011 14:45;0
01/11/2011 15:00;0
01/11/2011 15:15;0
01/11/2011 15:30;0
01/11/2011 15:45;0
01/11/2011 16:00;0
01/11/2011 16:15;0
01/11/2011 16:30;0
01/11/2011 16:45;0
01/11/2011 17:00;0
01/11/2011 17:15;0
01/11/2011 17:30;0
01/11/2011 17:45;0
01/11/2011 18:00;0
01/11/2011 18:15;0
01/11/2011 18:30;0
01/11/2011 18:45;0
01/11/2011 19:00;0
01/11/2011 19:15;0
01/11/2011 19:30;0
01/11/2011 19:45;0
01/11/2011 20:00;0
01/11/2011 20:15;0
01/11/2011 20:30;0
01/11/2011 20:45;0
01/11/2011 21:00;0
01/11/2011 21:15;0
01/11/2011 21:30;0
01/11/2011 21:45;0
01/11/2011 22:00;0
01/11/2011 22:15;0
01/11/2011 22:30;0
01/11/2011 22:45;0
01/11/2011 23:00;0
01/11/2011 23:15;0
01/11/2011 23:30;0
01/11/2011 23:45;0
02/11/2011 00:00;0
02/11/2011 00:15;0
02/11/2011 00:30;0
02/11/2011 00:45;0
02/11/2011 01:00;0
02/11/2011 01:15;0
02/11/2011 01:30;0
02/11/2011 01:45;0
02/11/2011 02:00;0
02/11/2011 02:15;0
02/11/2011 02:30;0
02/11/2011 02:45;0
02/11/2011 03:00;0
02/11/2011 03:15;0
02/11/2011 03:30;0
02/11/2011 03:45;0
02/11/2011 04:00;0
02/11/2011 04:15;0
02/11/2011 04:30;0
02/11/2011 04:45;0
02/11/2011 05:00;0
02/11/2011 05:15;0.0500000007450581
02/11/2011 05:30;0.0500000007450581
02/11/2011 05:45;0.0500000007450581
02/11/2011 06:00;0.0500000007450581
02/11/2011 06:15;0.174999997019768
02/11/2011 06:30;0.174999997019768
02/11/2011 06:45;0.174999997019768
02/11/2011 07:00;0.174999997019768
02/11/2011 07:15;0.100000001490116
02/11/2011 07:30;0.100000001490116
02/11/2011 07:45;0.100000001490116
02/11/2011 08:00;0.100000001490116
02/11/2011 08:15;0.025000000372529
02/11/2011 08:30;0.025000000372529
02/11/2011 08:45;0.025000000372529
02/11/2011 09:00;0.025000000372529
02/11/2011 09:15;0
02/11/2011 09:30;0
02/11/2011 09:45;0
02/11/2011 10:00;0
02/11/2011 10:15;0
02/11/2011 10:30;0
02/11/2011 10:45;0
02/11/2011 11:00;0
02/11/2011 11:15;0
02/11/2011 11:30;0
02/11/2011 11:45;0
02/11/2011 12:00;0
02/11/2011 12:15;0.025000000372529
02/11/2011 12:30;0.025000000372529
02/11/2011 12:45;0.025000000372529
02/11/2011 13:00;0.025000000372529
02/11/2011 13:15;0.125
02/11/2011 13:30;0.125
02/11/2011 13:45;0.125
02/11/2011 14:00;0.125
02/11/2011 14:15;0.100000001490116
02/11/2011 14:30;0.100000001490116
02/11/2011 14:45;0.100000001490116
02/11/2011 15:00;0.100000001490116
02/11/2011 15:15;0
02/11/2011 15:30;0
02/11/2011 15:45;0
02/11/2011 16:00;0
02/11/2011 16:15;0
02/11/2011 16:30;0
02/11/2011 16:45;0
02/11/2011 17:00;0
02/11/2011 17:15;0.025000000372529
02/11/2011 17:30;0.025000000372529
02/11/2011 17:45;0.025000000372529
02/11/2011 18:00;0.025000000372529
02/11/2011 18:15;0
02/11/2011 18:30;0
02/11/2011 18:45;0
02/11/2011 19:00;0
02/11/2011 19:15;0
02/11/2011 19:30;0
02/11/2011 19:45;0
02/11/2011 20:00;0
02/11/2011 20:15;0
02/11/2011 20:30;0
02/11/2011 20:45;0
02/11/2011 21:00;0
02/11/2011 21:15;0
02/11/2011 21:30;0
02/11/2011 21:45;0
02/11/2011 22:00;0
02/11/2011 22:15;0
02/11/2011 22:30;0
02/11/2011 22:45;0
02/11/2011 23:00;0
02/11/2011 23:15;0
02/11/2011 23:30;0
02/11/2011 23:45;0
03/11/2011 00:00;0
03/11/2011 00:15;0
03/11/2011 00:30;0
03/11/2011 00:45;0
03/11/2011 01:00;0
03/11/2011 01:15;0
03/11/2011 01:30;0
03/11/2011 01:45;0
03/11/2011 02:00;0
03/11/2011 02:15;0
03/11/2011 02:30;0
03/11/2011 02:45;0
03/11/2011 03:00;0
03/11/2011 03:15;0
03/11/2011 03:30;0
03/11/2011 03:45;0
03/11/2011 04:00;0
03/11/2011 04:15;0
03/11/2011 04:30;0
03/11/2011 04:45;0
03/11/2011 05:00;0
03/11/2011 05:15;0
03/11/2011 05:30;0
03/11/2011 05:45;0
03/11/2011 06:00;0
03/11/2011 06:15;0
03/11/2011 06:30;0
03/11/2011 06:45;0
03/11/2011 07:00;0
03/11/2011 07:15;0
03/11/2011 07:30;0
03/11/2011 07:45;0
03/11/2011 08:00;0
03/11/2011 08:15;0
03/11/2011 08:30;0
03/11/2011 08:45;0
03/11/2011 09:00;0.100000001490116
03/11/2011 09:15;0.800000011920929
03/11/2011 09:30;0
03/11/2011 09:45;0
03/11/2011 10:00;0
03/11/2011 10:15;0
03/11/2011 10:30;0.433900097441693
03/11/2011 10:45;0.457302124713947
03/11/2011 11:00;0
03/11/2011 11:15;0
03/11/2011 11:30;1.70752319673552
03/11/2011 11:45;0
03/11/2011 12:00;0
03/11/2011 12:15;0.372800560843891
03/11/2011 12:30;0.372800560843891
03/11/2011 12:45;0.372800560843891
03/11/2011 13:00;0.372800560843891
03/11/2011 13:15;0
03/11/2011 13:30;0.847384149854399
03/11/2011 13:45;1.23719351387226
03/11/2011 14:00;1.79782686927499
03/11/2011 14:15;0.878213203204393
03/11/2011 14:30;0
03/11/2011 14:45;0
03/11/2011 15:00;1.34563085753933
03/11/2011 15:15;0.792476853900822
03/11/2011 15:30;0
03/11/2011 15:45;0
03/11/2011 16:00;0
03/11/2011 16:15;0
03/11/2011 16:30;0.100460385739864
03/11/2011 16:45;0.153990742261374
03/11/2011 17:00;0.137950490561435
03/11/2011 17:15;0.54678039084203
03/11/2011 17:30;0.156872021974632
03/11/2011 17:45;0.291939534421206
03/11/2011 18:00;0.211493380945886
03/11/2011 18:15;0.148366636014201
03/11/2011 18:30;0.148366636014201
03/11/2011 18:45;0.199366635060527
03/11/2011 19:00;0.221583595210061
03/11/2011 19:15;0.419602077132704
03/11/2011 19:30;0.304800768142634
03/11/2011 19:45;0.249379621619448
03/11/2011 20:00;0.360133938253228
03/11/2011 20:15;0.308398868537057
03/11/2011 20:30;0.332527853705178
03/11/2011 20:45;0.376695052470619
03/11/2011 21:00;0.290175947102471
03/11/2011 21:15;0.348962000138726
03/11/2011 21:30;0.262158705728159
03/11/2011 21:45;0.43403800559968
03/11/2011 22:00;0.463201226672657
03/11/2011 22:15;0.554366283405136
03/11/2011 22:30;0.413339986894295
03/11/2011 22:45;0.307451466566199
03/11/2011 23:00;0.163345956941063
03/11/2011 23:15;0.26366562643119
03/11/2011 23:30;0.035472133256013
03/11/2011 23:45;0.0710322442355865
04/11/2011 00:00;0.512234507131252
04/11/2011 00:15;0.559404173801402
04/11/2011 00:30;0.398243429468534
04/11/2011 00:45;0.278822310976064
04/11/2011 01:00;0.26141865715393
04/11/2011 01:15;0.165384408048464
04/11/2011 01:30;0.283234223832678
04/11/2011 01:45;0.262518859540726
04/11/2011 02:00;0.0972224409345297
04/11/2011 02:15;0.268937256744741
04/11/2011 02:30;0.667270527230487
04/11/2011 02:45;0.495052500628513
04/11/2011 03:00;0.18471082203712
04/11/2011 03:15;0.114783035677807
04/11/2011 03:30;0.00510269747876723
04/11/2011 03:45;0
04/11/2011 04:00;0.380114265532459
04/11/2011 04:15;0.220710820487399
04/11/2011 04:30;0.490070494218318
04/11/2011 04:45;0.64624076442322
04/11/2011 05:00;0.648389650481029
04/11/2011 05:15;0.363146269968005
04/11/2011 05:30;0.431258010662373
04/11/2011 05:45;0.485864611262995
04/11/2011 06:00;1.21208349306177
04/11/2011 06:15;2.39031867450789
04/11/2011 06:30;1.44108560226964
04/11/2011 06:45;1.55865194583999
04/11/2011 07:00;2.06710505357608
04/11/2011 07:15;1.82991346750696
04/11/2011 07:30;0.953960359552132
04/11/2011 07:45;0.892076944357856
04/11/2011 08:00;1.39901851817964
04/11/2011 08:15;2.25502578339808
04/11/2011 08:30;0.667680174365464
04/11/2011 08:45;0.618590689229011
04/11/2011 09:00;2.51470227589154
04/11/2011 09:15;1.75312566160774
04/11/2011 09:30;1.85004907901258
04/11/2011 09:45;1.97944915732403
04/11/2011 10:00;2.74125899198166
04/11/2011 10:15;2.48161185242819
04/11/2011 10:30;1.80496396146034
04/11/2011 10:45;1.35135518100623
04/11/2011 11:00;2.54657488163642
04/11/2011 11:15;1.2461124303941
04/11/2011 11:30;2.47726954250546
04/11/2011 11:45;1.16140936880277
04/11/2011 12:00;0.198050984083494
04/11/2011 12:15;0.0662026908802924
04/11/2011 12:30;0.553571847435249
04/11/2011 12:45;0.622046407798392
04/11/2011 13:00;0.818102034653819
04/11/2011 13:15;0.856988108902486
04/11/2011 13:30;0.263912022156896
04/11/2011 13:45;0.173703813444168
04/11/2011 14:00;0.18871258407367
04/11/2011 14:15;0.504943539309748
04/11/2011 14:30;1.06996099688348
04/11/2011 14:45;0.478002492842513
04/11/2011 15:00;0.511013990436713
04/11/2011 15:15;0.562360673774805
04/11/2011 15:30;0.367337198649555
04/11/2011 15:45;0.166912017984905
04/11/2011 16:00;0.293680324966474
04/11/2011 16:15;1.12389490372889
04/11/2011 16:30;0.561374984806835
04/11/2011 16:45;1.68909474158305
04/11/2011 17:00;1.48398337184257
04/11/2011 17:15;0.519205466705589
04/11/2011 17:30;0.307937293620851
04/11/2011 17:45;1.35690990136054
04/11/2011 18:00;0.920921338936337
04/11/2011 18:15;1.21788527236142
04/11/2011 18:30;0.834455628986251
04/11/2011 18:45;0.731413436250427
04/11/2011 19:00;0
04/11/2011 19:15;0.252370405763052
04/11/2011 19:30;0.439728807433613
04/11/2011 19:45;1.99590793680941
04/11/2011 20:00;0.436561614629306
04/11/2011 20:15;0.448229194111762
04/11/2011 20:30;1.25150571524065
04/11/2011 20:45;0.601328695583163
04/11/2011 21:00;0.689700897771504
04/11/2011 21:15;0.890155970412258
04/11/2011 21:30;0.115141946463057
04/11/2011 21:45;0.950026899141832
04/11/2011 22:00;1.57086875576853
04/11/2011 22:15;1.81029579961416
04/11/2011 22:30;1.38348654384101
04/11/2011 22:45;0.632568855546568
04/11/2011 23:00;0.112152471797737
04/11/2011 23:15;0.163048496931059
04/11/2011 23:30;0.0932607122902492
04/11/2011 23:45;0.333620067862155
05/11/2011 00:00;1.11759386619637
05/11/2011 00:15;0.130158227421015
05/11/2011 00:30;0.504451420266177
05/11/2011 00:45;0.106069492451266
05/11/2011 01:00;1.11580678763553
05/11/2011 01:15;0.729792787564616
05/11/2011 01:30;0.75251814647152
05/11/2011 01:45;0.174977761512249
05/11/2011 02:00;1.02731515363177
05/11/2011 02:15;1.69769222345496
05/11/2011 02:30;0.840492822208078
05/11/2011 02:45;0.678451799386522
05/11/2011 03:00;0.0281759558197755
05/11/2011 03:15;1.11704397707037
05/11/2011 03:30;1.01494881975892
05/11/2011 03:45;0.752960967526032
05/11/2011 04:00;0
05/11/2011 04:15;0.0767260940884302
05/11/2011 04:30;0.430481142621402
05/11/2011 04:45;0.54901769580524
05/11/2011 05:00;1.0689816597
05/11/2011 05:15;0.884407654545561
05/11/2011 05:30;1.77374205112277
05/11/2011 05:45;1.76881530909112
05/11/2011 06:00;0.391542592176578
05/11/2011 06:15;0.922856315700214
05/11/2011 06:30;0.587129005911207
05/11/2011 06:45;1.67382122793566
05/11/2011 07:00;0.224903261183681
05/11/2011 07:15;0.207856297222774
05/11/2011 07:30;1.76009959715612
05/11/2011 07:45;1.56948691194527
05/11/2011 08:00;1.2538475051346
05/11/2011 08:15;1.96987891865037
05/11/2011 08:30;2.06644090123073
05/11/2011 08:45;2.30693952934941
05/11/2011 09:00;1.67526055141167
05/11/2011 09:15;1.07884469177604
05/11/2011 09:30;1.42395636650975
05/11/2011 09:45;1.11340686381297
05/11/2011 10:00;0.479255908780517
05/11/2011 10:15;0.378548375902291
05/11/2011 10:30;0.0306985934398114
05/11/2011 10:45;0.162657383015852
05/11/2011 11:00;0.343229950142784
05/11/2011 11:15;0
05/11/2011 11:30;0
05/11/2011 11:45;0
05/11/2011 12:00;0.00879775465798572
05/11/2011 12:15;0
05/11/2011 12:30;0
05/11/2011 12:45;0
05/11/2011 13:00;0
05/11/2011 13:15;0.0663841585872324
05/11/2011 13:30;0.0825748334022135
05/11/2011 13:45;0.151953035800674
05/11/2011 14:00;0
05/11/2011 14:15;0.197938315091793
05/11/2011 14:30;0.127809326108974
05/11/2011 14:45;0.055744831140728
05/11/2011 15:00;0
05/11/2011 15:15;0
05/11/2011 15:30;0
05/11/2011 15:45;0
05/11/2011 16:00;0
05/11/2011 16:15;0
05/11/2011 16:30;0
05/11/2011 16:45;0
05/11/2011 17:00;0
05/11/2011 17:15;0
05/11/2011 17:30;0
05/11/2011 17:45;0
05/11/2011 18:00;0
05/11/2011 18:15;0
05/11/2011 18:30;0
05/11/2011 18:45;0
05/11/2011 19:00;0
05/11/2011 19:15;0.145303412294252
05/11/2011 19:30;0.6428128381187
05/11/2011 19:45;0.222695577988209
05/11/2011 20:00;0.473616080236059
05/11/2011 20:15;1.50812241564369
05/11/2011 20:30;1.56712639647939
05/11/2011 20:45;1.1702071254272
05/11/2011 21:00;1.08128718031298
05/11/2011 21:15;1.04893855285845
05/11/2011 21:30;0.441318160699458
05/11/2011 21:45;0.757134741537947
05/11/2011 22:00;1.04424864886803
05/11/2011 22:15;0.80899262971565
05/11/2011 22:30;0.377555850708856
05/11/2011 22:45;0.759158663591819
05/11/2011 23:00;0.481885491962288
05/11/2011 23:15;0.261802791900543
05/11/2011 23:30;0.414648072257317
05/11/2011 23:45;0.469625840349313
06/11/2011 00:00;0.430079224163727
06/11/2011 00:15;0.308680816398592
06/11/2011 00:30;0.667440840128991
06/11/2011 00:45;0.899628800542837
06/11/2011 01:00;0.825524107296604
06/11/2011 01:15;0.452339847912101
06/11/2011 01:30;0.595521085003768
06/11/2011 01:45;0.243991010555938
06/11/2011 02:00;0.91068450515525
06/11/2011 02:15;0.351057924051404
06/11/2011 02:30;1.13397651702069
06/11/2011 02:45;0.699577246493296
06/11/2011 03:00;1.11041438247882
06/11/2011 03:15;1.10058734640076
06/11/2011 03:30;0.656616532185663
06/11/2011 03:45;0.622679032220573
06/11/2011 04:00;0.622679032220573
06/11/2011 04:15;0.720299193146852
06/11/2011 04:30;0.986075576938212
06/11/2011 04:45;0.448804264638618
06/11/2011 05:00;0.329412115705352
06/11/2011 05:15;0.917515842205351
06/11/2011 05:30;0.278131481571061
06/11/2011 05:45;0.282530359883279
06/11/2011 06:00;0.514299158320202
06/11/2011 06:15;0.207165665031879
06/11/2011 06:30;0.425546305428609
06/11/2011 06:45;0.72353809531641
06/11/2011 07:00;0.671417832242406
06/11/2011 07:15;1.01322172170214
06/11/2011 07:30;0.659785523742971
06/11/2011 07:45;1.25802241426449
06/11/2011 08:00;1.05731009608734
06/11/2011 08:15;0.581814976381937
06/11/2011 08:30;0.659663787456072
06/11/2011 08:45;0.653768482117956
06/11/2011 09:00;0.59089306467971
06/11/2011 09:15;0.661697513077381
06/11/2011 09:30;0.626168382536599
06/11/2011 09:45;0.29726790405152
06/11/2011 10:00;0.10989223457788
06/11/2011 10:15;0.244232396063568
06/11/2011 10:30;0.353639775058996
06/11/2011 10:45;0.250738791058074
06/11/2011 11:00;0.244228451313307
06/11/2011 11:15;0.182070450173291
06/11/2011 11:30;0.355815267128113
06/11/2011 11:45;0.429750798505454
06/11/2011 12:00;0.44995899815861
06/11/2011 12:15;0.619558355139257
06/11/2011 12:30;0.353244973048486
06/11/2011 12:45;0.291453150369735
06/11/2011 13:00;0.610624855754145
06/11/2011 13:15;1.32372470943565
06/11/2011 13:30;1.43177500121107
06/11/2011 13:45;0.986113447989183
06/11/2011 14:00;0.928656743586224
06/11/2011 14:15;1.24045608279454
06/11/2011 14:30;0.892707180968379
06/11/2011 14:45;1.10927686417128
06/11/2011 15:00;0.599874543354822
06/11/2011 15:15;0.356956218288148
06/11/2011 15:30;0.00422292220961379
06/11/2011 15:45;0.116534316620054
06/11/2011 16:00;0.192193921443958
06/11/2011 16:15;0.866643178127793
06/11/2011 16:30;0.367037890266836
06/11/2011 16:45;0.31239125809231
06/11/2011 17:00;0.109851334688673
06/11/2011 17:15;0.0629108150258566
06/11/2011 17:30;0.0895466566457757
06/11/2011 17:45;0.0777103810219115
06/11/2011 18:00;0
06/11/2011 18:15;0
06/11/2011 18:30;0.0873929190243399
06/11/2011 18:45;0.176401682829194
06/11/2011 19:00;0.0274076411637324
06/11/2011 19:15;0
06/11/2011 19:30;0
06/11/2011 19:45;0
06/11/2011 20:00;0
06/11/2011 20:15;0
06/11/2011 20:30;0
06/11/2011 20:45;0
06/11/2011 21:00;0.0912022468321304
06/11/2011 21:15;0.123856860370656
06/11/2011 21:30;0.0828250942452989
06/11/2011 21:45;0.0527327803220038
06/11/2011 22:00;0.147346864055504
06/11/2011 22:15;0.107768311869484
06/11/2011 22:30;0.177953030197503
06/11/2011 22:45;0.105392918577221
06/11/2011 23:00;0
06/11/2011 23:15;0.0350879775448302
06/11/2011 23:30;0
06/11/2011 23:45;0.0199999995529652
07/11/2011 00:00;0.0449120240645789
07/11/2011 00:15;0.110758286596975
07/11/2011 00:30;0.035596823170802
07/11/2011 00:45;0.157944729335487
07/11/2011 01:00;0.189451606415299
07/11/2011 01:15;0.805370939814969
07/11/2011 01:30;0.302354347345777
07/11/2011 01:45;0.118055943893378
07/11/2011 02:00;0.00651033843379976
07/11/2011 02:15;0.284953698683309
07/11/2011 02:30;0
07/11/2011 02:45;0
07/11/2011 03:00;0
07/11/2011 03:15;0
07/11/2011 03:30;0
07/11/2011 03:45;0
07/11/2011 04:00;0
07/11/2011 04:15;0
07/11/2011 04:30;0
07/11/2011 04:45;0
07/11/2011 05:00;0
07/11/2011 05:15;0
07/11/2011 05:30;0
07/11/2011 05:45;0
07/11/2011 06:00;0
07/11/2011 06:15;0
07/11/2011 06:30;0
07/11/2011 06:45;0
07/11/2011 07:00;0
07/11/2011 07:15;0
07/11/2011 07:30;0
07/11/2011 07:45;0
07/11/2011 08:00;0
07/11/2011 08:15;0
07/11/2011 08:30;0
07/11/2011 08:45;0
07/11/2011 09:00;0
07/11/2011 09:15;0
07/11/2011 09:30;0
07/11/2011 09:45;0
07/11/2011 10:00;0
07/11/2011 10:15;0
07/11/2011 10:30;0
07/11/2011 10:45;0
07/11/2011 11:00;0
07/11/2011 11:15;0
07/11/2011 11:30;0
07/11/2011 11:45;0
07/11/2011 12:00;0
07/11/2011 12:15;0
07/11/2011 12:30;0
07/11/2011 12:45;0
07/11/2011 13:00;0
07/11/2011 13:15;0
07/11/2011 13:30;0
07/11/2011 13:45;0
07/11/2011 14:00;0
07/11/2011 14:15;0
07/11/2011 14:30;0
07/11/2011 14:45;0
07/11/2011 15:00;0
07/11/2011 15:15;0
07/11/2011 15:30;0
07/11/2011 15:45;0
07/11/2011 16:00;0
07/11/2011 16:15;0
07/11/2011 16:30;0
07/11/2011 16:45;0
07/11/2011 17:00;0
07/11/2011 17:15;0
07/11/2011 17:30;0
07/11/2011 17:45;0
07/11/2011 18:00;0
07/11/2011 18:15;0
07/11/2011 18:30;0
07/11/2011 18:45;0
07/11/2011 19:00;0
07/11/2011 19:15;0
07/11/2011 19:30;0
07/11/2011 19:45;0
07/11/2011 20:00;0
07/11/2011 20:15;0
07/11/2011 20:30;0
07/11/2011 20:45;0
07/11/2011 21:00;0
07/11/2011 21:15;0
07/11/2011 21:30;0
07/11/2011 21:45;0
07/11/2011 22:00;0
07/11/2011 22:15;0.0238240450892372
07/11/2011 22:30;0.0199999995529652
07/11/2011 22:45;0.0240879777683058
07/11/2011 23:00;0.0320000015199184
07/11/2011 23:15;0.074727301087063
07/11/2011 23:30;0.101167189585823
07/11/2011 23:45;0.155894500329341
08/11/2011 00:00;0.294516295427318
08/11/2011 00:15;0.245398874974358
08/11/2011 00:30;0.134351912921134
08/11/2011 00:45;0.258167188035935
08/11/2011 01:00;0.67976552434
08/11/2011 01:15;0.621774277208322
08/11/2011 01:30;0.251903257607068
08/11/2011 01:45;0.144967747449315
08/11/2011 02:00;0.0901524719169466
08/11/2011 02:15;0.0165418561814791
08/11/2011 02:30;0.065178197268806
08/11/2011 02:45;0.0686758180216698
08/11/2011 03:00;0.0419929951619733
08/11/2011 03:15;0.244868520336288
08/11/2011 03:30;0.464928550210502
08/11/2011 03:45;0.574321382950568
08/11/2011 04:00;0.424241472720936
08/11/2011 04:15;0.777576600152942
08/11/2011 04:30;0.7195228690062
08/11/2011 04:45;0.554755796254375
08/11/2011 05:00;0.554755796254375
08/11/2011 05:15;0.463679316131889
08/11/2011 05:30;0.444741807105555
08/11/2011 05:45;0.40438591480046
08/11/2011 06:00;0.579669814766463
08/11/2011 06:15;1.31348950805417
08/11/2011 06:30;0.367640368931417
08/11/2011 06:45;0
08/11/2011 07:00;0
08/11/2011 07:15;0.025000000372529
08/11/2011 07:30;0.025000000372529
08/11/2011 07:45;0.025000000372529
08/11/2011 08:00;0.025000000372529
08/11/2011 08:15;0
08/11/2011 08:30;0
08/11/2011 08:45;0
08/11/2011 09:00;0
08/11/2011 09:15;0
08/11/2011 09:30;0
08/11/2011 09:45;0
08/11/2011 10:00;0
08/11/2011 10:15;0
08/11/2011 10:30;0
08/11/2011 10:45;0
08/11/2011 11:00;0
08/11/2011 11:15;0
08/11/2011 11:30;0
08/11/2011 11:45;0
08/11/2011 12:00;0
08/11/2011 12:15;0
08/11/2011 12:30;0
08/11/2011 12:45;0
08/11/2011 13:00;0
08/11/2011 13:15;0
08/11/2011 13:30;0
08/11/2011 13:45;0
08/11/2011 14:00;0
08/11/2011 14:15;0
08/11/2011 14:30;0
08/11/2011 14:45;0
08/11/2011 15:00;0
08/11/2011 15:15;0
08/11/2011 15:30;0
08/11/2011 15:45;0
08/11/2011 16:00;0
08/11/2011 16:15;0
08/11/2011 16:30;0
08/11/2011 16:45;0
08/11/2011 17:00;0
08/11/2011 17:15;0
08/11/2011 17:30;0
08/11/2011 17:45;0
08/11/2011 18:00;0
08/11/2011 18:15;0.00439887732899286
08/11/2011 18:30;0
08/11/2011 18:45;0
08/11/2011 19:00;0.00439887732899286
08/11/2011 19:15;0.00175955086604876
08/11/2011 19:30;0
08/11/2011 19:45;0
08/11/2011 20:00;0.00703820346419506
08/11/2011 20:15;0.0169937254542848
08/11/2011 20:30;0.0254905878937178
08/11/2011 20:45;0.0430141866396806
08/11/2011 21:00;0.0333716081546139
08/11/2011 21:15;0.0348387644568883
08/11/2011 21:30;0.0321026983429928
08/11/2011 21:45;0.0216070786807976
08/11/2011 22:00;0.0300469672989346
08/11/2011 22:15;0.214478093036006
08/11/2011 22:30;0.136126174392826
08/11/2011 22:45;0.14019943569904
08/11/2011 23:00;0.0267917984097767
08/11/2011 23:15;0.118164970973922
08/11/2011 23:30;0.151286407948777
08/11/2011 23:45;0.121948004565733
09/11/2011 00:00;0.201927006494819
09/11/2011 00:15;0.0120000001043081
09/11/2011 00:30;0
09/11/2011 00:45;0.0116480899474855
09/11/2011 01:00;0.176263932217007
09/11/2011 01:15;0.181120965188367
09/11/2011 01:30;0.116367658438985
09/11/2011 01:45;0.0701502128415407
09/11/2011 02:00;0.0161154773202161
09/11/2011 02:15;0
09/11/2011 02:30;0.000879775433024382
09/11/2011 02:45;0.00378303457503708
09/11/2011 03:00;0.00413494448605331
09/11/2011 03:15;0.0992551700513649
09/11/2011 03:30;0.0946950553314745
09/11/2011 03:45;0.0992551700513649
09/11/2011 04:00;0.0155043825730209
09/11/2011 04:15;0
09/11/2011 04:30;0
09/11/2011 04:45;0
09/11/2011 05:00;0
09/11/2011 05:15;0.200000002980232
09/11/2011 05:30;0
09/11/2011 05:45;0
09/11/2011 06:00;0
09/11/2011 06:15;0
09/11/2011 06:30;0
09/11/2011 06:45;0
09/11/2011 07:00;0
09/11/2011 07:15;0
09/11/2011 07:30;0
09/11/2011 07:45;0
09/11/2011 08:00;0
09/11/2011 08:15;0
09/11/2011 08:30;0
09/11/2011 08:45;0
09/11/2011 09:00;0
09/11/2011 09:15;0
09/11/2011 09:30;0
09/11/2011 09:45;0
09/11/2011 10:00;0
09/11/2011 10:15;0
09/11/2011 10:30;0
09/11/2011 10:45;0
09/11/2011 11:00;0
09/11/2011 11:15;0
09/11/2011 11:30;0
09/11/2011 11:45;0
09/11/2011 12:00;0
09/11/2011 12:15;0
09/11/2011 12:30;0
09/11/2011 12:45;0
09/11/2011 13:00;0
09/11/2011 13:15;0
09/11/2011 13:30;0
09/11/2011 13:45;0
09/11/2011 14:00;0
09/11/2011 14:15;0
09/11/2011 14:30;0
09/11/2011 14:45;0
09/11/2011 15:00;0
09/11/2011 15:15;0
09/11/2011 15:30;0
09/11/2011 15:45;0
09/11/2011 16:00;0
09/11/2011 16:15;0
09/11/2011 16:30;0
09/11/2011 16:45;0
09/11/2011 17:00;0
09/11/2011 17:15;0
09/11/2011 17:30;0
09/11/2011 17:45;0
09/11/2011 18:00;0
09/11/2011 18:15;0
09/11/2011 18:30;0
09/11/2011 18:45;0
09/11/2011 19:00;0
09/11/2011 19:15;0
09/11/2011 19:30;0
09/11/2011 19:45;0
09/11/2011 20:00;0
09/11/2011 20:15;0
09/11/2011 20:30;0
09/11/2011 20:45;0
09/11/2011 21:00;0
09/11/2011 21:15;0
09/11/2011 21:30;0
09/11/2011 21:45;0
09/11/2011 22:00;0
09/11/2011 22:15;0
09/11/2011 22:30;0
09/11/2011 22:45;0
09/11/2011 23:00;0
09/11/2011 23:15;0
09/11/2011 23:30;0
09/11/2011 23:45;0
10/11/2011 00:00;0
10/11/2011 00:15;0
10/11/2011 00:30;0
10/11/2011 00:45;0
10/11/2011 01:00;0
10/11/2011 01:15;0
10/11/2011 01:30;0
10/11/2011 01:45;0
10/11/2011 02:00;0
10/11/2011 02:15;0
10/11/2011 02:30;0
10/11/2011 02:45;0
10/11/2011 03:00;0
10/11/2011 03:15;0
10/11/2011 03:30;0
10/11/2011 03:45;0
10/11/2011 04:00;0
10/11/2011 04:15;0
10/11/2011 04:30;0
10/11/2011 04:45;0
10/11/2011 05:00;0
10/11/2011 05:15;0
10/11/2011 05:30;0
10/11/2011 05:45;0
10/11/2011 06:00;0
10/11/2011 06:15;0
10/11/2011 06:30;0
10/11/2011 06:45;0
10/11/2011 07:00;0
10/11/2011 07:15;0
10/11/2011 07:30;0
10/11/2011 07:45;0
10/11/2011 08:00;0
10/11/2011 08:15;0
10/11/2011 08:30;0
10/11/2011 08:45;0
10/11/2011 09:00;0
10/11/2011 09:15;0
10/11/2011 09:30;0
10/11/2011 09:45;0
10/11/2011 10:00;0
10/11/2011 10:15;0
10/11/2011 10:30;0
10/11/2011 10:45;0
10/11/2011 11:00;0
10/11/2011 11:15;0
10/11/2011 11:30;0
10/11/2011 11:45;0
10/11/2011 12:00;0
10/11/2011 12:15;0
10/11/2011 12:30;0
10/11/2011 12:45;0
10/11/2011 13:00;0
10/11/2011 13:15;0
10/11/2011 13:30;0
10/11/2011 13:45;0
10/11/2011 14:00;0
10/11/2011 14:15;0
10/11/2011 14:30;0
10/11/2011 14:45;0
10/11/2011 15:00;0
10/11/2011 15:15;0
10/11/2011 15:30;0
10/11/2011 15:45;0
10/11/2011 16:00;0
10/11/2011 16:15;0
10/11/2011 16:30;0
10/11/2011 16:45;0
10/11/2011 17:00;0
10/11/2011 17:15;0
10/11/2011 17:30;0
10/11/2011 17:45;0
10/11/2011 18:00;0
10/11/2011 18:15;0
10/11/2011 18:30;0
10/11/2011 18:45;0
10/11/2011 19:00;0
10/11/2011 19:15;0
10/11/2011 19:30;0
10/11/2011 19:45;0
10/11/2011 20:00;0
10/11/2011 20:15;0
10/11/2011 20:30;0
10/11/2011 20:45;0
10/11/2011 21:00;0
10/11/2011 21:15;0
10/11/2011 21:30;0
10/11/2011 21:45;0
10/11/2011 22:00;0
10/11/2011 22:15;0
10/11/2011 22:30;0
10/11/2011 22:45;0
10/11/2011 23:00;0
10/11/2011 23:15;0
10/11/2011 23:30;0
10/11/2011 23:45;0
11/11/2011 00:00;0
11/11/2011 00:15;0
11/11/2011 00:30;0
11/11/2011 00:45;0
11/11/2011 01:00;0
11/11/2011 01:15;0
11/11/2011 01:30;0
11/11/2011 01:45;0
11/11/2011 02:00;0
11/11/2011 02:15;0
11/11/2011 02:30;0
11/11/2011 02:45;0
11/11/2011 03:00;0
11/11/2011 03:15;0
11/11/2011 03:30;0
11/11/2011 03:45;0
11/11/2011 04:00;0
11/11/2011 04:15;0
11/11/2011 04:30;0
11/11/2011 04:45;0
11/11/2011 05:00;0
11/11/2011 05:15;0
11/11/2011 05:30;0
11/11/2011 05:45;0
11/11/2011 06:00;0
11/11/2011 06:15;0
11/11/2011 06:30;0
11/11/2011 06:45;0
11/11/2011 07:00;0
11/11/2011 07:15;0
11/11/2011 07:30;0
11/11/2011 07:45;0
11/11/2011 08:00;0
11/11/2011 08:15;0
11/11/2011 08:30;0
11/11/2011 08:45;0
11/11/2011 09:00;0
11/11/2011 09:15;0
11/11/2011 09:30;0
11/11/2011 09:45;0
11/11/2011 10:00;0
11/11/2011 10:15;0
11/11/2011 10:30;0
11/11/2011 10:45;0
11/11/2011 11:00;0
11/11/2011 11:15;0
11/11/2011 11:30;0
11/11/2011 11:45;0
11/11/2011 12:00;0
11/11/2011 12:15;0
11/11/2011 12:30;0
11/11/2011 12:45;0
11/11/2011 13:00;0
11/11/2011 13:15;0
11/11/2011 13:30;0
11/11/2011 13:45;0
11/11/2011 14:00;0
11/11/2011 14:15;0
11/11/2011 14:30;0
11/11/2011 14:45;0
11/11/2011 15:00;0
11/11/2011 15:15;0
11/11/2011 15:30;0
11/11/2011 15:45;0
11/11/2011 16:00;0
11/11/2011 16:15;0
11/11/2011 16:30;0
11/11/2011 16:45;0
11/11/2011 17:00;0
11/11/2011 17:15;0
11/11/2011 17:30;0
11/11/2011 17:45;0
11/11/2011 18:00;0
11/11/2011 18:15;0
11/11/2011 18:30;0
11/11/2011 18:45;0
11/11/2011 19:00;0
11/11/2011 19:15;0
11/11/2011 19:30;0
11/11/2011 19:45;0
11/11/2011 20:00;0
11/11/2011 20:15;0
11/11/2011 20:30;0
11/11/2011 20:45;0
11/11/2011 21:00;0
11/11/2011 21:15;0
11/11/2011 21:30;0
11/11/2011 21:45;0
11/11/2011 22:00;0
11/11/2011 22:15;0
11/11/2011 22:30;0
11/11/2011 22:45;0
11/11/2011 23:00;0
11/11/2011 23:15;0
11/11/2011 23:30;0
11/11/2011 23:45;0
12/11/2011 00:00;0
12/11/2011 00:15;0
12/11/2011 00:30;0
12/11/2011 00:45;0
12/11/2011 01:00;0
12/11/2011 01:15;0
12/11/2011 01:30;0
12/11/2011 01:45;0
12/11/2011 02:00;0
12/11/2011 02:15;0
12/11/2011 02:30;0
12/11/2011 02:45;0
12/11/2011 03:00;0
12/11/2011 03:15;0
12/11/2011 03:30;0
12/11/2011 03:45;0
12/11/2011 04:00;0
12/11/2011 04:15;0
12/11/2011 04:30;0
12/11/2011 04:45;0
12/11/2011 05:00;0
12/11/2011 05:15;0
12/11/2011 05:30;0
12/11/2011 05:45;0
12/11/2011 06:00;0
12/11/2011 06:15;0
12/11/2011 06:30;0
12/11/2011 06:45;0
12/11/2011 07:00;0
12/11/2011 07:15;0
12/11/2011 07:30;0
12/11/2011 07:45;0
12/11/2011 08:00;0
12/11/2011 08:15;0
12/11/2011 08:30;0
12/11/2011 08:45;0
12/11/2011 09:00;0
12/11/2011 09:15;0
12/11/2011 09:30;0
12/11/2011 09:45;0
12/11/2011 10:00;0
12/11/2011 10:15;0
12/11/2011 10:30;0
12/11/2011 10:45;0
12/11/2011 11:00;0
12/11/2011 11:15;0
12/11/2011 11:30;0
12/11/2011 11:45;0
12/11/2011 12:00;0
12/11/2011 12:15;0
12/11/2011 12:30;0
12/11/2011 12:45;0
12/11/2011 13:00;0
12/11/2011 13:15;0
12/11/2011 13:30;0
12/11/2011 13:45;0
12/11/2011 14:00;0
12/11/2011 14:15;0
12/11/2011 14:30;0
12/11/2011 14:45;0
12/11/2011 15:00;0
12/11/2011 15:15;0
12/11/2011 15:30;0
12/11/2011 15:45;0
12/11/2011 16:00;0
12/11/2011 16:15;0
12/11/2011 16:30;0
12/11/2011 16:45;0
12/11/2011 17:00;0
12/11/2011 17:15;0
12/11/2011 17:30;0
12/11/2011 17:45;0
12/11/2011 18:00;0
12/11/2011 18:15;0
12/11/2011 18:30;0
12/11/2011 18:45;0
12/11/2011 19:00;0
12/11/2011 19:15;0
12/11/2011 19:30;0
12/11/2011 19:45;0
12/11/2011 20:00;0
12/11/2011 20:15;0
12/11/2011 20:30;0
12/11/2011 20:45;0
12/11/2011 21:00;0
12/11/2011 21:15;0
12/11/2011 21:30;0
12/11/2011 21:45;0
12/11/2011 22:00;0
12/11/2011 22:15;0
12/11/2011 22:30;0
12/11/2011 22:45;0
12/11/2011 23:00;0
12/11/2011 23:15;0
12/11/2011 23:30;0
12/11/2011 23:45;0
13/11/2011 00:00;0
13/11/2011 00:15;0
13/11/2011 00:30;0
13/11/2011 00:45;0
13/11/2011 01:00;0
13/11/2011 01:15;0
13/11/2011 01:30;0
13/11/2011 01:45;0
13/11/2011 02:00;0
13/11/2011 02:15;0
13/11/2011 02:30;0
13/11/2011 02:45;0
13/11/2011 03:00;0
13/11/2011 03:15;0
13/11/2011 03:30;0
13/11/2011 03:45;0
13/11/2011 04:00;0
13/11/2011 04:15;0
13/11/2011 04:30;0
13/11/2011 04:45;0
13/11/2011 05:00;0
13/11/2011 05:15;0
13/11/2011 05:30;0
13/11/2011 05:45;0
13/11/2011 06:00;0
13/11/2011 06:15;0
13/11/2011 06:30;0
13/11/2011 06:45;0
13/11/2011 07:00;0
13/11/2011 07:15;0
13/11/2011 07:30;0
13/11/2011 07:45;0
13/11/2011 08:00;0
13/11/2011 08:15;0
13/11/2011 08:30;0
13/11/2011 08:45;0
13/11/2011 09:00;0
13/11/2011 09:15;0
13/11/2011 09:30;0
13/11/2011 09:45;0
13/11/2011 10:00;0
13/11/2011 10:15;0
13/11/2011 10:30;0
13/11/2011 10:45;0
13/11/2011 11:00;0
13/11/2011 11:15;0
13/11/2011 11:30;0
13/11/2011 11:45;0
13/11/2011 12:00;0
13/11/2011 12:15;0
13/11/2011 12:30;0
13/11/2011 12:45;0
13/11/2011 13:00;0
13/11/2011 13:15;0
13/11/2011 13:30;0
13/11/2011 13:45;0
13/11/2011 14:00;0
13/11/2011 14:15;0
13/11/2011 14:30;0
13/11/2011 14:45;0
13/11/2011 15:00;0
13/11/2011 15:15;0
13/11/2011 15:30;0
13/11/2011 15:45;0
13/11/2011 16:00;0
13/11/2011 16:15;0
13/11/2011 16:30;0
13/11/2011 16:45;0
13/11/2011 17:00;0
13/11/2011 17:15;0
13/11/2011 17:30;0
13/11/2011 17:45;0
13/11/2011 18:00;0
13/11/2011 18:15;0
13/11/2011 18:30;0
13/11/2011 18:45;0
13/11/2011 19:00;0
13/11/2011 19:15;0
13/11/2011 19:30;0
13/11/2011 19:45;0
13/11/2011 20:00;0
13/11/2011 20:15;0
13/11/2011 20:30;0
13/11/2011 20:45;0
13/11/2011 21:00;0
13/11/2011 21:15;0
13/11/2011 21:30;0
13/11/2011 21:45;0
13/11/2011 22:00;0
13/11/2011 22:15;0
13/11/2011 22:30;0
13/11/2011 22:45;0
13/11/2011 23:00;0
13/11/2011 23:15;0
13/11/2011 23:30;0
13/11/2011 23:45;0
14/11/2011 00:00;0
14/11/2011 00:15;0
14/11/2011 00:30;0
14/11/2011 00:45;0
14/11/2011 01:00;0
14/11/2011 01:15;0
14/11/2011 01:30;0
14/11/2011 01:45;0
14/11/2011 02:00;0
14/11/2011 02:15;0
14/11/2011 02:30;0
14/11/2011 02:45;0
14/11/2011 03:00;0
14/11/2011 03:15;0
14/11/2011 03:30;0
14/11/2011 03:45;0
14/11/2011 04:00;0
14/11/2011 04:15;0
14/11/2011 04:30;0
14/11/2011 04:45;0
14/11/2011 05:00;0
14/11/2011 05:15;0
14/11/2011 05:30;0
14/11/2011 05:45;0
14/11/2011 06:00;0
14/11/2011 06:15;0
14/11/2011 06:30;0
14/11/2011 06:45;0
14/11/2011 07:00;0
14/11/2011 07:15;0
14/11/2011 07:30;0
14/11/2011 07:45;0
14/11/2011 08:00;0
14/11/2011 08:15;0
14/11/2011 08:30;0
14/11/2011 08:45;0
14/11/2011 09:00;0
14/11/2011 09:15;0
14/11/2011 09:30;0
14/11/2011 09:45;0
14/11/2011 10:00;0
14/11/2011 10:15;0
14/11/2011 10:30;0
14/11/2011 10:45;0
14/11/2011 11:00;0
14/11/2011 11:15;0
14/11/2011 11:30;0
14/11/2011 11:45;0
14/11/2011 12:00;0
14/11/2011 12:15;0
14/11/2011 12:30;0
14/11/2011 12:45;0
14/11/2011 13:00;0
14/11/2011 13:15;0
14/11/2011 13:30;0
14/11/2011 13:45;0
14/11/2011 14:00;0
14/11/2011 14:15;0
14/11/2011 14:30;0
14/11/2011 14:45;0
14/11/2011 15:00;0
14/11/2011 15:15;0
14/11/2011 15:30;0
14/11/2011 15:45;0
14/11/2011 16:00;0
14/11/2011 16:15;0
14/11/2011 16:30;0
14/11/2011 16:45;0
14/11/2011 17:00;0
14/11/2011 17:15;0
14/11/2011 17:30;0
14/11/2011 17:45;0
14/11/2011 18:00;0
14/11/2011 18:15;0
14/11/2011 18:30;0
14/11/2011 18:45;0
14/11/2011 19:00;0
14/11/2011 19:15;0
14/11/2011 19:30;0
14/11/2011 19:45;0
14/11/2011 20:00;0
14/11/2011 20:15;0
14/11/2011 20:30;0
14/11/2011 20:45;0
14/11/2011 21:00;0
14/11/2011 21:15;0
14/11/2011 21:30;0
14/11/2011 21:45;0
14/11/2011 22:00;0
14/11/2011 22:15;0
14/11/2011 22:30;0
14/11/2011 22:45;0
14/11/2011 23:00;0
14/11/2011 23:15;0
14/11/2011 23:30;0
14/11/2011 23:45;0
15/11/2011 00:00;0
15/11/2011 00:15;0
15/11/2011 00:30;0
15/11/2011 00:45;0
15/11/2011 01:00;0
15/11/2011 01:15;0
15/11/2011 01:30;0
15/11/2011 01:45;0
15/11/2011 02:00;0
15/11/2011 02:15;0
15/11/2011 02:30;0
15/11/2011 02:45;0
15/11/2011 03:00;0
15/11/2011 03:15;0
15/11/2011 03:30;0
15/11/2011 03:45;0
15/11/2011 04:00;0
15/11/2011 04:15;0
15/11/2011 04:30;0
15/11/2011 04:45;0
15/11/2011 05:00;0
15/11/2011 05:15;0
15/11/2011 05:30;0
15/11/2011 05:45;0
15/11/2011 06:00;0
15/11/2011 06:15;0
15/11/2011 06:30;0
15/11/2011 06:45;0
15/11/2011 07:00;0
15/11/2011 07:15;0
15/11/2011 07:30;0
15/11/2011 07:45;0
15/11/2011 08:00;0
15/11/2011 08:15;0
15/11/2011 08:30;0
15/11/2011 08:45;0
15/11/2011 09:00;0
15/11/2011 09:15;0
15/11/2011 09:30;0
15/11/2011 09:45;0
15/11/2011 10:00;0
15/11/2011 10:15;0
15/11/2011 10:30;0
15/11/2011 10:45;0
15/11/2011 11:00;0
15/11/2011 11:15;0
15/11/2011 11:30;0
15/11/2011 11:45;0
15/11/2011 12:00;0
15/11/2011 12:15;0
15/11/2011 12:30;0
15/11/2011 12:45;0
15/11/2011 13:00;0
15/11/2011 13:15;0
15/11/2011 13:30;0
15/11/2011 13:45;0
15/11/2011 14:00;0
15/11/2011 14:15;0
15/11/2011 14:30;0
15/11/2011 14:45;0
15/11/2011 15:00;0
15/11/2011 15:15;0
15/11/2011 15:30;0
15/11/2011 15:45;0
15/11/2011 16:00;0
15/11/2011 16:15;0
15/11/2011 16:30;0
15/11/2011 16:45;0
15/11/2011 17:00;0
15/11/2011 17:15;0
15/11/2011 17:30;0
15/11/2011 17:45;0
15/11/2011 18:00;0
15/11/2011 18:15;0
15/11/2011 18:30;0
15/11/2011 18:45;0
15/11/2011 19:00;0
15/11/2011 19:15;0
15/11/2011 19:30;0
15/11/2011 19:45;0
15/11/2011 20:00;0
15/11/2011 20:15;0
15/11/2011 20:30;0
15/11/2011 20:45;0
15/11/2011 21:00;0
15/11/2011 21:15;0
15/11/2011 21:30;0
15/11/2011 21:45;0
15/11/2011 22:00;0
15/11/2011 22:15;0
15/11/2011 22:30;0
15/11/2011 22:45;0
15/11/2011 23:00;0
15/11/2011 23:15;0
15/11/2011 23:30;0
15/11/2011 23:45;0
16/11/2011 00:00;0
16/11/2011 00:15;0
16/11/2011 00:30;0
16/11/2011 00:45;0
16/11/2011 01:00;0
16/11/2011 01:15;0
16/11/2011 01:30;0
16/11/2011 01:45;0
16/11/2011 02:00;0
16/11/2011 02:15;0
16/11/2011 02:30;0
16/11/2011 02:45;0
16/11/2011 03:00;0
16/11/2011 03:15;0
16/11/2011 03:30;0
16/11/2011 03:45;0
16/11/2011 04:00;0
16/11/2011 04:15;0
16/11/2011 04:30;0
16/11/2011 04:45;0
16/11/2011 05:00;0
16/11/2011 05:15;0
16/11/2011 05:30;0
16/11/2011 05:45;0
16/11/2011 06:00;0
16/11/2011 06:15;0
16/11/2011 06:30;0
16/11/2011 06:45;0
16/11/2011 07:00;0
16/11/2011 07:15;0
16/11/2011 07:30;0
16/11/2011 07:45;0
16/11/2011 08:00;0
16/11/2011 08:15;0
16/11/2011 08:30;0
16/11/2011 08:45;0
16/11/2011 09:00;0
16/11/2011 09:15;0
16/11/2011 09:30;0
16/11/2011 09:45;0
16/11/2011 10:00;0
16/11/2011 10:15;0
16/11/2011 10:30;0
16/11/2011 10:45;0
16/11/2011 11:00;0
16/11/2011 11:15;0
16/11/2011 11:30;0
16/11/2011 11:45;0
16/11/2011 12:00;0
16/11/2011 12:15;0
16/11/2011 12:30;0
16/11/2011 12:45;0
16/11/2011 13:00;0
16/11/2011 13:15;0
16/11/2011 13:30;0
16/11/2011 13:45;0
16/11/2011 14:00;0
16/11/2011 14:15;0
16/11/2011 14:30;0
16/11/2011 14:45;0
16/11/2011 15:00;0
16/11/2011 15:15;0
16/11/2011 15:30;0
16/11/2011 15:45;0
16/11/2011 16:00;0
16/11/2011 16:15;0
16/11/2011 16:30;0
16/11/2011 16:45;0
16/11/2011 17:00;0
16/11/2011 17:15;0
16/11/2011 17:30;0
16/11/2011 17:45;0
16/11/2011 18:00;0
16/11/2011 18:15;0
16/11/2011 18:30;0
16/11/2011 18:45;0
16/11/2011 19:00;0
16/11/2011 19:15;0
16/11/2011 19:30;0
16/11/2011 19:45;0
16/11/2011 20:00;0
16/11/2011 20:15;0
16/11/2011 20:30;0
16/11/2011 20:45;0
16/11/2011 21:00;0
16/11/2011 21:15;0
16/11/2011 21:30;0
16/11/2011 21:45;0
16/11/2011 22:00;0
16/11/2011 22:15;0
16/11/2011 22:30;0
16/11/2011 22:45;0
16/11/2011 23:00;0
16/11/2011 23:15;0
16/11/2011 23:30;0
16/11/2011 23:45;0
17/11/2011 00:00;0
17/11/2011 00:15;0
17/11/2011 00:30;0
17/11/2011 00:45;0
17/11/2011 01:00;0
17/11/2011 01:15;0
17/11/2011 01:30;0
17/11/2011 01:45;0
17/11/2011 02:00;0
17/11/2011 02:15;0
17/11/2011 02:30;0
17/11/2011 02:45;0
17/11/2011 03:00;0
17/11/2011 03:15;0
17/11/2011 03:30;0
17/11/2011 03:45;0
17/11/2011 04:00;0
17/11/2011 04:15;0
17/11/2011 04:30;0
17/11/2011 04:45;0
17/11/2011 05:00;0
17/11/2011 05:15;0
17/11/2011 05:30;0
17/11/2011 05:45;0
17/11/2011 06:00;0
17/11/2011 06:15;0
17/11/2011 06:30;0
17/11/2011 06:45;0
17/11/2011 07:00;0
17/11/2011 07:15;0
17/11/2011 07:30;0
17/11/2011 07:45;0
17/11/2011 08:00;0
17/11/2011 08:15;0
17/11/2011 08:30;0
17/11/2011 08:45;0
17/11/2011 09:00;0
17/11/2011 09:15;0
17/11/2011 09:30;0
17/11/2011 09:45;0
17/11/2011 10:00;0
17/11/2011 10:15;0
17/11/2011 10:30;0
17/11/2011 10:45;0
17/11/2011 11:00;0
17/11/2011 11:15;0
17/11/2011 11:30;0
17/11/2011 11:45;0
17/11/2011 12:00;0
17/11/2011 12:15;0
17/11/2011 12:30;0
17/11/2011 12:45;0
17/11/2011 13:00;0
17/11/2011 13:15;0
17/11/2011 13:30;0
17/11/2011 13:45;0
17/11/2011 14:00;0
17/11/2011 14:15;0
17/11/2011 14:30;0
17/11/2011 14:45;0
17/11/2011 15:00;0
17/11/2011 15:15;0
17/11/2011 15:30;0
17/11/2011 15:45;0
17/11/2011 16:00;0
17/11/2011 16:15;0
17/11/2011 16:30;0
17/11/2011 16:45;0
17/11/2011 17:00;0
17/11/2011 17:15;0
17/11/2011 17:30;0
17/11/2011 17:45;0
17/11/2011 18:00;0
17/11/2011 18:15;0
17/11/2011 18:30;0
17/11/2011 18:45;0
17/11/2011 19:00;0
17/11/2011 19:15;0
17/11/2011 19:30;0
17/11/2011 19:45;0
17/11/2011 20:00;0
17/11/2011 20:15;0
17/11/2011 20:30;0
17/11/2011 20:45;0
17/11/2011 21:00;0
17/11/2011 21:15;0
17/11/2011 21:30;0
17/11/2011 21:45;0
17/11/2011 22:00;0
17/11/2011 22:15;0
17/11/2011 22:30;0
17/11/2011 22:45;0
17/11/2011 23:00;0
17/11/2011 23:15;0
17/11/2011 23:30;0
17/11/2011 23:45;0
18/11/2011 00:00;0
18/11/2011 00:15;0
18/11/2011 00:30;0
18/11/2011 00:45;0
18/11/2011 01:00;0
18/11/2011 01:15;0
18/11/2011 01:30;0
18/11/2011 01:45;0
18/11/2011 02:00;0
18/11/2011 02:15;0
18/11/2011 02:30;0
18/11/2011 02:45;0
18/11/2011 03:00;0
18/11/2011 03:15;0
18/11/2011 03:30;0
18/11/2011 03:45;0
18/11/2011 04:00;0
18/11/2011 04:15;0
18/11/2011 04:30;0
18/11/2011 04:45;0
18/11/2011 05:00;0
18/11/2011 05:15;0
18/11/2011 05:30;0
18/11/2011 05:45;0
18/11/2011 06:00;0
18/11/2011 06:15;0
18/11/2011 06:30;0
18/11/2011 06:45;0
18/11/2011 07:00;0
18/11/2011 07:15;0
18/11/2011 07:30;0
18/11/2011 07:45;0
18/11/2011 08:00;0
18/11/2011 08:15;0
18/11/2011 08:30;0
18/11/2011 08:45;0
18/11/2011 09:00;0
18/11/2011 09:15;0
18/11/2011 09:30;0
18/11/2011 09:45;0
18/11/2011 10:00;0
18/11/2011 10:15;0
18/11/2011 10:30;0
18/11/2011 10:45;0
18/11/2011 11:00;0
18/11/2011 11:15;0
18/11/2011 11:30;0
18/11/2011 11:45;0
18/11/2011 12:00;0
18/11/2011 12:15;0
18/11/2011 12:30;0
18/11/2011 12:45;0
18/11/2011 13:00;0
18/11/2011 13:15;0
18/11/2011 13:30;0
18/11/2011 13:45;0
18/11/2011 14:00;0
18/11/2011 14:15;0
18/11/2011 14:30;0
18/11/2011 14:45;0
18/11/2011 15:00;0
18/11/2011 15:15;0
18/11/2011 15:30;0
18/11/2011 15:45;0
18/11/2011 16:00;0
18/11/2011 16:15;0
18/11/2011 16:30;0
18/11/2011 16:45;0
18/11/2011 17:00;0
18/11/2011 17:15;0
18/11/2011 17:30;0
18/11/2011 17:45;0
18/11/2011 18:00;0
18/11/2011 18:15;0
18/11/2011 18:30;0
18/11/2011 18:45;0
18/11/2011 19:00;0
18/11/2011 19:15;0
18/11/2011 19:30;0
18/11/2011 19:45;0
18/11/2011 20:00;0
18/11/2011 20:15;0
18/11/2011 20:30;0
18/11/2011 20:45;0
18/11/2011 21:00;0
18/11/2011 21:15;0
18/11/2011 21:30;0
18/11/2011 21:45;0
18/11/2011 22:00;0
18/11/2011 22:15;0
18/11/2011 22:30;0
18/11/2011 22:45;0
18/11/2011 23:00;0
18/11/2011 23:15;0
18/11/2011 23:30;0
18/11/2011 23:45;0
19/11/2011 00:00;0
19/11/2011 00:15;0
19/11/2011 00:30;0
19/11/2011 00:45;0
19/11/2011 01:00;0
19/11/2011 01:15;0
19/11/2011 01:30;0
19/11/2011 01:45;0
19/11/2011 02:00;0
19/11/2011 02:15;0
19/11/2011 02:30;0
19/11/2011 02:45;0
19/11/2011 03:00;0
19/11/2011 03:15;0
19/11/2011 03:30;0
19/11/2011 03:45;0
19/11/2011 04:00;0
19/11/2011 04:15;0
19/11/2011 04:30;0
19/11/2011 04:45;0
19/11/2011 05:00;0
19/11/2011 05:15;0
19/11/2011 05:30;0
19/11/2011 05:45;0
19/11/2011 06:00;0
19/11/2011 06:15;0
19/11/2011 06:30;0
19/11/2011 06:45;0
19/11/2011 07:00;0
19/11/2011 07:15;0
19/11/2011 07:30;0
19/11/2011 07:45;0
19/11/2011 08:00;0
19/11/2011 08:15;0
19/11/2011 08:30;0
19/11/2011 08:45;0
19/11/2011 09:00;0
19/11/2011 09:15;0
19/11/2011 09:30;0
19/11/2011 09:45;0
19/11/2011 10:00;0
19/11/2011 10:15;0
19/11/2011 10:30;0
19/11/2011 10:45;0
19/11/2011 11:00;0
19/11/2011 11:15;0
19/11/2011 11:30;0
19/11/2011 11:45;0
19/11/2011 12:00;0
19/11/2011 12:15;0
19/11/2011 12:30;0
19/11/2011 12:45;0
19/11/2011 13:00;0
19/11/2011 13:15;0
19/11/2011 13:30;0
19/11/2011 13:45;0
19/11/2011 14:00;0
19/11/2011 14:15;0
19/11/2011 14:30;0
19/11/2011 14:45;0
19/11/2011 15:00;0
19/11/2011 15:15;0
19/11/2011 15:30;0
19/11/2011 15:45;0
19/11/2011 16:00;0
19/11/2011 16:15;0
19/11/2011 16:30;0
19/11/2011 16:45;0
19/11/2011 17:00;0
19/11/2011 17:15;0
19/11/2011 17:30;0
19/11/2011 17:45;0
19/11/2011 18:00;0
19/11/2011 18:15;0
19/11/2011 18:30;0
19/11/2011 18:45;0
19/11/2011 19:00;0
19/11/2011 19:15;0
19/11/2011 19:30;0
19/11/2011 19:45;0
19/11/2011 20:00;0
19/11/2011 20:15;0
19/11/2011 20:30;0
19/11/2011 20:45;0
19/11/2011 21:00;0
19/11/2011 21:15;0
19/11/2011 21:30;0
19/11/2011 21:45;0
19/11/2011 22:00;0
19/11/2011 22:15;0
19/11/2011 22:30;0
19/11/2011 22:45;0
19/11/2011 23:00;0
19/11/2011 23:15;0
19/11/2011 23:30;0
19/11/2011 23:45;0
20/11/2011 00:00;0
20/11/2011 00:15;0
20/11/2011 00:30;0
20/11/2011 00:45;0
20/11/2011 01:00;0
20/11/2011 01:15;0
20/11/2011 01:30;0
20/11/2011 01:45;0
20/11/2011 02:00;0
20/11/2011 02:15;0
20/11/2011 02:30;0
20/11/2011 02:45;0
20/11/2011 03:00;0
20/11/2011 03:15;0
20/11/2011 03:30;0
20/11/2011 03:45;0
20/11/2011 04:00;0
20/11/2011 04:15;0
20/11/2011 04:30;0
20/11/2011 04:45;0
20/11/2011 05:00;0
20/11/2011 05:15;0
20/11/2011 05:30;0
20/11/2011 05:45;0
20/11/2011 06:00;0
20/11/2011 06:15;0
20/11/2011 06:30;0
20/11/2011 06:45;0
20/11/2011 07:00;0
20/11/2011 07:15;0
20/11/2011 07:30;0
20/11/2011 07:45;0
20/11/2011 08:00;0
20/11/2011 08:15;0
20/11/2011 08:30;0
20/11/2011 08:45;0
20/11/2011 09:00;0
20/11/2011 09:15;0
20/11/2011 09:30;0
20/11/2011 09:45;0
20/11/2011 10:00;0
20/11/2011 10:15;0
20/11/2011 10:30;0
20/11/2011 10:45;0
20/11/2011 11:00;0
20/11/2011 11:15;0
20/11/2011 11:30;0
20/11/2011 11:45;0
20/11/2011 12:00;0
20/11/2011 12:15;0
20/11/2011 12:30;0
20/11/2011 12:45;0
20/11/2011 13:00;0
20/11/2011 13:15;0
20/11/2011 13:30;0
20/11/2011 13:45;0
20/11/2011 14:00;0
20/11/2011 14:15;0
20/11/2011 14:30;0
20/11/2011 14:45;0
20/11/2011 15:00;0
20/11/2011 15:15;0
20/11/2011 15:30;0
20/11/2011 15:45;0
20/11/2011 16:00;0
20/11/2011 16:15;0
20/11/2011 16:30;0
20/11/2011 16:45;0
20/11/2011 17:00;0
20/11/2011 17:15;0
20/11/2011 17:30;0
20/11/2011 17:45;0
20/11/2011 18:00;0
20/11/2011 18:15;0
20/11/2011 18:30;0
20/11/2011 18:45;0
20/11/2011 19:00;0
20/11/2011 19:15;0
20/11/2011 19:30;0
20/11/2011 19:45;0
20/11/2011 20:00;0
20/11/2011 20:15;0
20/11/2011 20:30;0
20/11/2011 20:45;0
20/11/2011 21:00;0
20/11/2011 21:15;0
20/11/2011 21:30;0
20/11/2011 21:45;0
20/11/2011 22:00;0
20/11/2011 22:15;0
20/11/2011 22:30;0
20/11/2011 22:45;0
20/11/2011 23:00;0
20/11/2011 23:15;0
20/11/2011 23:30;0
20/11/2011 23:45;0
21/11/2011 00:00;0
21/11/2011 00:15;0.0500000007450581
21/11/2011 00:30;0.0500000007450581
21/11/2011 00:45;0.0500000007450581
21/11/2011 01:00;0.0500000007450581
21/11/2011 01:15;0.025000000372529
21/11/2011 01:30;0.025000000372529
21/11/2011 01:45;0.025000000372529
21/11/2011 02:00;0.025000000372529
21/11/2011 02:15;0.0750000029802322
21/11/2011 02:30;0.0750000029802322
21/11/2011 02:45;0.0750000029802322
21/11/2011 03:00;0.0750000029802322
21/11/2011 03:15;0.025000000372529
21/11/2011 03:30;0.025000000372529
21/11/2011 03:45;0.025000000372529
21/11/2011 04:00;0.025000000372529
21/11/2011 04:15;0.025000000372529
21/11/2011 04:30;0.025000000372529
21/11/2011 04:45;0.025000000372529
21/11/2011 05:00;0.025000000372529
21/11/2011 05:15;0.025000000372529
21/11/2011 05:30;0.025000000372529
21/11/2011 05:45;0.025000000372529
21/11/2011 06:00;0.025000000372529
21/11/2011 06:15;0
21/11/2011 06:30;0
21/11/2011 06:45;0
21/11/2011 07:00;0
21/11/2011 07:15;0
21/11/2011 07:30;0
21/11/2011 07:45;0
21/11/2011 08:00;0
21/11/2011 08:15;0
21/11/2011 08:30;0
21/11/2011 08:45;0
21/11/2011 09:00;0
21/11/2011 09:15;0
21/11/2011 09:30;0
21/11/2011 09:45;0
21/11/2011 10:00;0
21/11/2011 10:15;0
21/11/2011 10:30;0
21/11/2011 10:45;0
21/11/2011 11:00;0
21/11/2011 11:15;0
21/11/2011 11:30;0
21/11/2011 11:45;0
21/11/2011 12:00;0
21/11/2011 12:15;0
21/11/2011 12:30;0
21/11/2011 12:45;0
21/11/2011 13:00;0
21/11/2011 13:15;0
21/11/2011 13:30;0
21/11/2011 13:45;0
21/11/2011 14:00;0
21/11/2011 14:15;0
21/11/2011 14:30;0
21/11/2011 14:45;0
21/11/2011 15:00;0
21/11/2011 15:15;0
21/11/2011 15:30;0
21/11/2011 15:45;0
21/11/2011 16:00;0
21/11/2011 16:15;0
21/11/2011 16:30;0
21/11/2011 16:45;0
21/11/2011 17:00;0
21/11/2011 17:15;0
21/11/2011 17:30;0
21/11/2011 17:45;0
21/11/2011 18:00;0
21/11/2011 18:15;0
21/11/2011 18:30;0
21/11/2011 18:45;0
21/11/2011 19:00;0
21/11/2011 19:15;0
21/11/2011 19:30;0
21/11/2011 19:45;0
21/11/2011 20:00;0
21/11/2011 20:15;0
21/11/2011 20:30;0
21/11/2011 20:45;0
21/11/2011 21:00;0
21/11/2011 21:15;0
21/11/2011 21:30;0
21/11/2011 21:45;0
21/11/2011 22:00;0
21/11/2011 22:15;0
21/11/2011 22:30;0
21/11/2011 22:45;0
21/11/2011 23:00;0
21/11/2011 23:15;0
21/11/2011 23:30;0
21/11/2011 23:45;0
22/11/2011 00:00;0
22/11/2011 00:15;0
22/11/2011 00:30;0
22/11/2011 00:45;0
22/11/2011 01:00;0
22/11/2011 01:15;0
22/11/2011 01:30;0
22/11/2011 01:45;0
22/11/2011 02:00;0
22/11/2011 02:15;0
22/11/2011 02:30;0
22/11/2011 02:45;0
22/11/2011 03:00;0
22/11/2011 03:15;0
22/11/2011 03:30;0
22/11/2011 03:45;0
22/11/2011 04:00;0
22/11/2011 04:15;0
22/11/2011 04:30;0
22/11/2011 04:45;0
22/11/2011 05:00;0
22/11/2011 05:15;0
22/11/2011 05:30;0
22/11/2011 05:45;0
22/11/2011 06:00;0
22/11/2011 06:15;0
22/11/2011 06:30;0
22/11/2011 06:45;0
22/11/2011 07:00;0
22/11/2011 07:15;0
22/11/2011 07:30;0
22/11/2011 07:45;0
22/11/2011 08:00;0
22/11/2011 08:15;0
22/11/2011 08:30;0
22/11/2011 08:45;0
22/11/2011 09:00;0
22/11/2011 09:15;0
22/11/2011 09:30;0
22/11/2011 09:45;0
22/11/2011 10:00;0
22/11/2011 10:15;0
22/11/2011 10:30;0
22/11/2011 10:45;0
22/11/2011 11:00;0
22/11/2011 11:15;0
22/11/2011 11:30;0
22/11/2011 11:45;0
22/11/2011 12:00;0
22/11/2011 12:15;0
22/11/2011 12:30;0
22/11/2011 12:45;0
22/11/2011 13:00;0
22/11/2011 13:15;0
22/11/2011 13:30;0
22/11/2011 13:45;0
22/11/2011 14:00;0
22/11/2011 14:15;0
22/11/2011 14:30;0
22/11/2011 14:45;0
22/11/2011 15:00;0
22/11/2011 15:15;0
22/11/2011 15:30;0
22/11/2011 15:45;0
22/11/2011 16:00;0
22/11/2011 16:15;0
22/11/2011 16:30;0
22/11/2011 16:45;0
22/11/2011 17:00;0
22/11/2011 17:15;0
22/11/2011 17:30;0
22/11/2011 17:45;0
22/11/2011 18:00;0
22/11/2011 18:15;0
22/11/2011 18:30;0
22/11/2011 18:45;0
22/11/2011 19:00;0
22/11/2011 19:15;0
22/11/2011 19:30;0
22/11/2011 19:45;0
22/11/2011 20:00;0
22/11/2011 20:15;0
22/11/2011 20:30;0
22/11/2011 20:45;0
22/11/2011 21:00;0
22/11/2011 21:15;0
22/11/2011 21:30;0
22/11/2011 21:45;0
22/11/2011 22:00;0
22/11/2011 22:15;0
22/11/2011 22:30;0
22/11/2011 22:45;0
22/11/2011 23:00;0
22/11/2011 23:15;0
22/11/2011 23:30;0
22/11/2011 23:45;0
23/11/2011 00:00;0
23/11/2011 00:15;0
23/11/2011 00:30;0
23/11/2011 00:45;0
23/11/2011 01:00;0
23/11/2011 01:15;0
23/11/2011 01:30;0
23/11/2011 01:45;0
23/11/2011 02:00;0
23/11/2011 02:15;0
23/11/2011 02:30;0
23/11/2011 02:45;0
23/11/2011 03:00;0
23/11/2011 03:15;0
23/11/2011 03:30;0
23/11/2011 03:45;0
23/11/2011 04:00;0
23/11/2011 04:15;0
23/11/2011 04:30;0
23/11/2011 04:45;0
23/11/2011 05:00;0
23/11/2011 05:15;0
23/11/2011 05:30;0
23/11/2011 05:45;0
23/11/2011 06:00;0
23/11/2011 06:15;0
23/11/2011 06:30;0
23/11/2011 06:45;0
23/11/2011 07:00;0
23/11/2011 07:15;0
23/11/2011 07:30;0
23/11/2011 07:45;0
23/11/2011 08:00;0
23/11/2011 08:15;0
23/11/2011 08:30;0
23/11/2011 08:45;0
23/11/2011 09:00;0
23/11/2011 09:15;0
23/11/2011 09:30;0
23/11/2011 09:45;0
23/11/2011 10:00;0
23/11/2011 10:15;0
23/11/2011 10:30;0
23/11/2011 10:45;0
23/11/2011 11:00;0
23/11/2011 11:15;0
23/11/2011 11:30;0
23/11/2011 11:45;0
23/11/2011 12:00;0
23/11/2011 12:15;0
23/11/2011 12:30;0
23/11/2011 12:45;0
23/11/2011 13:00;0
23/11/2011 13:15;0
23/11/2011 13:30;0
23/11/2011 13:45;0
23/11/2011 14:00;0
23/11/2011 14:15;0
23/11/2011 14:30;0
23/11/2011 14:45;0
23/11/2011 15:00;0
23/11/2011 15:15;0
23/11/2011 15:30;0
23/11/2011 15:45;0
23/11/2011 16:00;0
23/11/2011 16:15;0
23/11/2011 16:30;0
23/11/2011 16:45;0
23/11/2011 17:00;0
23/11/2011 17:15;0
23/11/2011 17:30;0
23/11/2011 17:45;0
23/11/2011 18:00;0
23/11/2011 18:15;0
23/11/2011 18:30;0
23/11/2011 18:45;0
23/11/2011 19:00;0
23/11/2011 19:15;0
23/11/2011 19:30;0
23/11/2011 19:45;0
23/11/2011 20:00;0
23/11/2011 20:15;0
23/11/2011 20:30;0
23/11/2011 20:45;0
23/11/2011 21:00;0
23/11/2011 21:15;0
23/11/2011 21:30;0
23/11/2011 21:45;0
23/11/2011 22:00;0
23/11/2011 22:15;0
23/11/2011 22:30;0
23/11/2011 22:45;0
23/11/2011 23:00;0
23/11/2011 23:15;0
23/11/2011 23:30;0
23/11/2011 23:45;0
24/11/2011 00:00;0
24/11/2011 00:15;0
24/11/2011 00:30;0
24/11/2011 00:45;0
24/11/2011 01:00;0
24/11/2011 01:15;0
24/11/2011 01:30;0
24/11/2011 01:45;0
24/11/2011 02:00;0
24/11/2011 02:15;0
24/11/2011 02:30;0
24/11/2011 02:45;0
24/11/2011 03:00;0
24/11/2011 03:15;0
24/11/2011 03:30;0
24/11/2011 03:45;0
24/11/2011 04:00;0
24/11/2011 04:15;0
24/11/2011 04:30;0
24/11/2011 04:45;0
24/11/2011 05:00;0
24/11/2011 05:15;0
24/11/2011 05:30;0
24/11/2011 05:45;0
24/11/2011 06:00;0
24/11/2011 06:15;0
24/11/2011 06:30;0
24/11/2011 06:45;0
24/11/2011 07:00;0
24/11/2011 07:15;0
24/11/2011 07:30;0
24/11/2011 07:45;0
24/11/2011 08:00;0
24/11/2011 08:15;0
24/11/2011 08:30;0
24/11/2011 08:45;0
24/11/2011 09:00;0
24/11/2011 09:15;0
24/11/2011 09:30;0
24/11/2011 09:45;0
24/11/2011 10:00;0
24/11/2011 10:15;0
24/11/2011 10:30;0
24/11/2011 10:45;0
24/11/2011 11:00;0
24/11/2011 11:15;0
24/11/2011 11:30;0
24/11/2011 11:45;0
24/11/2011 12:00;0
24/11/2011 12:15;0
24/11/2011 12:30;0
24/11/2011 12:45;0
24/11/2011 13:00;0
24/11/2011 13:15;0
24/11/2011 13:30;0
24/11/2011 13:45;0
24/11/2011 14:00;0
24/11/2011 14:15;0
24/11/2011 14:30;0
24/11/2011 14:45;0
24/11/2011 15:00;0
24/11/2011 15:15;0
24/11/2011 15:30;0
24/11/2011 15:45;0
24/11/2011 16:00;0
24/11/2011 16:15;0
24/11/2011 16:30;0
24/11/2011 16:45;0
24/11/2011 17:00;0
24/11/2011 17:15;0
24/11/2011 17:30;0
24/11/2011 17:45;0
24/11/2011 18:00;0
24/11/2011 18:15;0
24/11/2011 18:30;0
24/11/2011 18:45;0
24/11/2011 19:00;0
24/11/2011 19:15;0
24/11/2011 19:30;0
24/11/2011 19:45;0
24/11/2011 20:00;0
24/11/2011 20:15;0
24/11/2011 20:30;0
24/11/2011 20:45;0
24/11/2011 21:00;0
24/11/2011 21:15;0
24/11/2011 21:30;0
24/11/2011 21:45;0
24/11/2011 22:00;0
24/11/2011 22:15;0
24/11/2011 22:30;0
24/11/2011 22:45;0
24/11/2011 23:00;0
24/11/2011 23:15;0
24/11/2011 23:30;0
24/11/2011 23:45;0
25/11/2011 00:00;0
25/11/2011 00:15;0
25/11/2011 00:30;0
25/11/2011 00:45;0
25/11/2011 01:00;0
25/11/2011 01:15;0
25/11/2011 01:30;0
25/11/2011 01:45;0
25/11/2011 02:00;0
25/11/2011 02:15;0
25/11/2011 02:30;0
25/11/2011 02:45;0
25/11/2011 03:00;0
25/11/2011 03:15;0
25/11/2011 03:30;0
25/11/2011 03:45;0
25/11/2011 04:00;0
25/11/2011 04:15;0
25/11/2011 04:30;0
25/11/2011 04:45;0
25/11/2011 05:00;0
25/11/2011 05:15;0
25/11/2011 05:30;0
25/11/2011 05:45;0
25/11/2011 06:00;0
25/11/2011 06:15;0
25/11/2011 06:30;0
25/11/2011 06:45;0
25/11/2011 07:00;0
25/11/2011 07:15;0
25/11/2011 07:30;0
25/11/2011 07:45;0
25/11/2011 08:00;0
25/11/2011 08:15;0
25/11/2011 08:30;0
25/11/2011 08:45;0
25/11/2011 09:00;0
25/11/2011 09:15;0
25/11/2011 09:30;0
25/11/2011 09:45;0
25/11/2011 10:00;0
25/11/2011 10:15;0
25/11/2011 10:30;0
25/11/2011 10:45;0
25/11/2011 11:00;0
25/11/2011 11:15;0
25/11/2011 11:30;0
25/11/2011 11:45;0
25/11/2011 12:00;0
25/11/2011 12:15;0
25/11/2011 12:30;0
25/11/2011 12:45;0
25/11/2011 13:00;0
25/11/2011 13:15;0
25/11/2011 13:30;0
25/11/2011 13:45;0
25/11/2011 14:00;0
25/11/2011 14:15;0
25/11/2011 14:30;0
25/11/2011 14:45;0
25/11/2011 15:00;0
25/11/2011 15:15;0
25/11/2011 15:30;0
25/11/2011 15:45;0
25/11/2011 16:00;0
25/11/2011 16:15;0
25/11/2011 16:30;0
25/11/2011 16:45;0
25/11/2011 17:00;0
25/11/2011 17:15;0
25/11/2011 17:30;0
25/11/2011 17:45;0
25/11/2011 18:00;0
25/11/2011 18:15;0
25/11/2011 18:30;0
25/11/2011 18:45;0
25/11/2011 19:00;0
25/11/2011 19:15;0
25/11/2011 19:30;0
25/11/2011 19:45;0
25/11/2011 20:00;0
25/11/2011 20:15;0
25/11/2011 20:30;0
25/11/2011 20:45;0
25/11/2011 21:00;0
25/11/2011 21:15;0
25/11/2011 21:30;0
25/11/2011 21:45;0
25/11/2011 22:00;0
25/11/2011 22:15;0
25/11/2011 22:30;0
25/11/2011 22:45;0
25/11/2011 23:00;0
25/11/2011 23:15;0
25/11/2011 23:30;0
25/11/2011 23:45;0
26/11/2011 00:00;0
26/11/2011 00:15;0
26/11/2011 00:30;0
26/11/2011 00:45;0
26/11/2011 01:00;0
26/11/2011 01:15;0
26/11/2011 01:30;0
26/11/2011 01:45;0
26/11/2011 02:00;0
26/11/2011 02:15;0
26/11/2011 02:30;0
26/11/2011 02:45;0
26/11/2011 03:00;0
26/11/2011 03:15;0
26/11/2011 03:30;0
26/11/2011 03:45;0
26/11/2011 04:00;0
26/11/2011 04:15;0
26/11/2011 04:30;0
26/11/2011 04:45;0
26/11/2011 05:00;0
26/11/2011 05:15;0
26/11/2011 05:30;0
26/11/2011 05:45;0
26/11/2011 06:00;0
26/11/2011 06:15;0
26/11/2011 06:30;0
26/11/2011 06:45;0
26/11/2011 07:00;0
26/11/2011 07:15;0
26/11/2011 07:30;0
26/11/2011 07:45;0
26/11/2011 08:00;0
26/11/2011 08:15;0
26/11/2011 08:30;0
26/11/2011 08:45;0
26/11/2011 09:00;0
26/11/2011 09:15;0
26/11/2011 09:30;0
26/11/2011 09:45;0
26/11/2011 10:00;0
26/11/2011 10:15;0
26/11/2011 10:30;0
26/11/2011 10:45;0
26/11/2011 11:00;0
26/11/2011 11:15;0
26/11/2011 11:30;0
26/11/2011 11:45;0
26/11/2011 12:00;0
26/11/2011 12:15;0
26/11/2011 12:30;0
26/11/2011 12:45;0
26/11/2011 13:00;0
26/11/2011 13:15;0
26/11/2011 13:30;0
26/11/2011 13:45;0
26/11/2011 14:00;0
26/11/2011 14:15;0
26/11/2011 14:30;0
26/11/2011 14:45;0
26/11/2011 15:00;0
26/11/2011 15:15;0
26/11/2011 15:30;0
26/11/2011 15:45;0
26/11/2011 16:00;0
26/11/2011 16:15;0
26/11/2011 16:30;0
26/11/2011 16:45;0
26/11/2011 17:00;0
26/11/2011 17:15;0
26/11/2011 17:30;0
26/11/2011 17:45;0
26/11/2011 18:00;0
26/11/2011 18:15;0
26/11/2011 18:30;0
26/11/2011 18:45;0
26/11/2011 19:00;0
26/11/2011 19:15;0
26/11/2011 19:30;0
26/11/2011 19:45;0
26/11/2011 20:00;0
26/11/2011 20:15;0
26/11/2011 20:30;0
26/11/2011 20:45;0
26/11/2011 21:00;0
26/11/2011 21:15;0
26/11/2011 21:30;0
26/11/2011 21:45;0
26/11/2011 22:00;0
26/11/2011 22:15;0
26/11/2011 22:30;0
26/11/2011 22:45;0
26/11/2011 23:00;0
26/11/2011 23:15;0
26/11/2011 23:30;0
26/11/2011 23:45;0
27/11/2011 00:00;0
27/11/2011 00:15;0
27/11/2011 00:30;0
27/11/2011 00:45;0
27/11/2011 01:00;0
27/11/2011 01:15;0
27/11/2011 01:30;0
27/11/2011 01:45;0
27/11/2011 02:00;0
27/11/2011 02:15;0
27/11/2011 02:30;0
27/11/2011 02:45;0
27/11/2011 03:00;0
27/11/2011 03:15;0
27/11/2011 03:30;0
27/11/2011 03:45;0
27/11/2011 04:00;0
27/11/2011 04:15;0
27/11/2011 04:30;0
27/11/2011 04:45;0
27/11/2011 05:00;0
27/11/2011 05:15;0
27/11/2011 05:30;0
27/11/2011 05:45;0
27/11/2011 06:00;0
27/11/2011 06:15;0
27/11/2011 06:30;0
27/11/2011 06:45;0
27/11/2011 07:00;0
27/11/2011 07:15;0
27/11/2011 07:30;0
27/11/2011 07:45;0
27/11/2011 08:00;0
27/11/2011 08:15;0
27/11/2011 08:30;0
27/11/2011 08:45;0
27/11/2011 09:00;0
27/11/2011 09:15;0
27/11/2011 09:30;0
27/11/2011 09:45;0
27/11/2011 10:00;0
27/11/2011 10:15;0
27/11/2011 10:30;0
27/11/2011 10:45;0
27/11/2011 11:00;0
27/11/2011 11:15;0
27/11/2011 11:30;0
27/11/2011 11:45;0
27/11/2011 12:00;0
27/11/2011 12:15;0
27/11/2011 12:30;0
27/11/2011 12:45;0
27/11/2011 13:00;0
27/11/2011 13:15;0
27/11/2011 13:30;0
27/11/2011 13:45;0
27/11/2011 14:00;0
27/11/2011 14:15;0
27/11/2011 14:30;0
27/11/2011 14:45;0
27/11/2011 15:00;0
27/11/2011 15:15;0
27/11/2011 15:30;0
27/11/2011 15:45;0
27/11/2011 16:00;0
27/11/2011 16:15;0
27/11/2011 16:30;0
27/11/2011 16:45;0
27/11/2011 17:00;0
27/11/2011 17:15;0
27/11/2011 17:30;0
27/11/2011 17:45;0
27/11/2011 18:00;0
27/11/2011 18:15;0
27/11/2011 18:30;0
27/11/2011 18:45;0
27/11/2011 19:00;0
27/11/2011 19:15;0
27/11/2011 19:30;0
27/11/2011 19:45;0
27/11/2011 20:00;0
27/11/2011 20:15;0
27/11/2011 20:30;0
27/11/2011 20:45;0
27/11/2011 21:00;0
27/11/2011 21:15;0
27/11/2011 21:30;0
27/11/2011 21:45;0
27/11/2011 22:00;0
27/11/2011 22:15;0
27/11/2011 22:30;0
27/11/2011 22:45;0
27/11/2011 23:00;0
27/11/2011 23:15;0
27/11/2011 23:30;0
27/11/2011 23:45;0
28/11/2011 00:00;0
28/11/2011 00:15;0
28/11/2011 00:30;0
28/11/2011 00:45;0
28/11/2011 01:00;0
28/11/2011 01:15;0
28/11/2011 01:30;0
28/11/2011 01:45;0
28/11/2011 02:00;0
28/11/2011 02:15;0
28/11/2011 02:30;0
28/11/2011 02:45;0
28/11/2011 03:00;0
28/11/2011 03:15;0
28/11/2011 03:30;0
28/11/2011 03:45;0
28/11/2011 04:00;0
28/11/2011 04:15;0
28/11/2011 04:30;0
28/11/2011 04:45;0
28/11/2011 05:00;0
28/11/2011 05:15;0
28/11/2011 05:30;0
28/11/2011 05:45;0
28/11/2011 06:00;0
28/11/2011 06:15;0
28/11/2011 06:30;0
28/11/2011 06:45;0
28/11/2011 07:00;0
28/11/2011 07:15;0
28/11/2011 07:30;0
28/11/2011 07:45;0
28/11/2011 08:00;0
28/11/2011 08:15;0
28/11/2011 08:30;0
28/11/2011 08:45;0
28/11/2011 09:00;0
28/11/2011 09:15;0
28/11/2011 09:30;0
28/11/2011 09:45;0
28/11/2011 10:00;0
28/11/2011 10:15;0
28/11/2011 10:30;0
28/11/2011 10:45;0
28/11/2011 11:00;0
28/11/2011 11:15;0
28/11/2011 11:30;0
28/11/2011 11:45;0
28/11/2011 12:00;0
28/11/2011 12:15;0
28/11/2011 12:30;0
28/11/2011 12:45;0
28/11/2011 13:00;0
28/11/2011 13:15;0
28/11/2011 13:30;0
28/11/2011 13:45;0
28/11/2011 14:00;0
28/11/2011 14:15;0
28/11/2011 14:30;0
28/11/2011 14:45;0
28/11/2011 15:00;0
28/11/2011 15:15;0
28/11/2011 15:30;0
28/11/2011 15:45;0
28/11/2011 16:00;0
28/11/2011 16:15;0
28/11/2011 16:30;0
28/11/2011 16:45;0
28/11/2011 17:00;0
28/11/2011 17:15;0
28/11/2011 17:30;0
28/11/2011 17:45;0
28/11/2011 18:00;0
28/11/2011 18:15;0
28/11/2011 18:30;0
28/11/2011 18:45;0
28/11/2011 19:00;0
28/11/2011 19:15;0
28/11/2011 19:30;0
28/11/2011 19:45;0
28/11/2011 20:00;0
28/11/2011 20:15;0
28/11/2011 20:30;0
28/11/2011 20:45;0
28/11/2011 21:00;0
28/11/2011 21:15;0
28/11/2011 21:30;0
28/11/2011 21:45;0
28/11/2011 22:00;0
28/11/2011 22:15;0
28/11/2011 22:30;0
28/11/2011 22:45;0
28/11/2011 23:00;0
28/11/2011 23:15;0
28/11/2011 23:30;0
28/11/2011 23:45;0
29/11/2011 00:00;0
29/11/2011 00:15;0
29/11/2011 00:30;0
29/11/2011 00:45;0
29/11/2011 01:00;0
29/11/2011 01:15;0
29/11/2011 01:30;0
29/11/2011 01:45;0
29/11/2011 02:00;0
29/11/2011 02:15;0
29/11/2011 02:30;0
29/11/2011 02:45;0
29/11/2011 03:00;0
29/11/2011 03:15;0
29/11/2011 03:30;0
29/11/2011 03:45;0
29/11/2011 04:00;0
29/11/2011 04:15;0
29/11/2011 04:30;0
29/11/2011 04:45;0
29/11/2011 05:00;0
29/11/2011 05:15;0
29/11/2011 05:30;0
29/11/2011 05:45;0
29/11/2011 06:00;0
29/11/2011 06:15;0
29/11/2011 06:30;0
29/11/2011 06:45;0
29/11/2011 07:00;0
29/11/2011 07:15;0
29/11/2011 07:30;0
29/11/2011 07:45;0
29/11/2011 08:00;0
29/11/2011 08:15;0
29/11/2011 08:30;0
29/11/2011 08:45;0
29/11/2011 09:00;0
29/11/2011 09:15;0
29/11/2011 09:30;0
29/11/2011 09:45;0
29/11/2011 10:00;0
29/11/2011 10:15;0
29/11/2011 10:30;0
29/11/2011 10:45;0
29/11/2011 11:00;0
29/11/2011 11:15;0
29/11/2011 11:30;0
29/11/2011 11:45;0
29/11/2011 12:00;0
29/11/2011 12:15;0
29/11/2011 12:30;0
29/11/2011 12:45;0
29/11/2011 13:00;0
29/11/2011 13:15;0
29/11/2011 13:30;0
29/11/2011 13:45;0
29/11/2011 14:00;0
29/11/2011 14:15;0
29/11/2011 14:30;0
29/11/2011 14:45;0
29/11/2011 15:00;0
29/11/2011 15:15;0
29/11/2011 15:30;0
29/11/2011 15:45;0
29/11/2011 16:00;0
29/11/2011 16:15;0
29/11/2011 16:30;0
29/11/2011 16:45;0
29/11/2011 17:00;0
29/11/2011 17:15;0
29/11/2011 17:30;0
29/11/2011 17:45;0
29/11/2011 18:00;0
29/11/2011 18:15;0
29/11/2011 18:30;0
29/11/2011 18:45;0
29/11/2011 19:00;0
29/11/2011 19:15;0
29/11/2011 19:30;0
29/11/2011 19:45;0
29/11/2011 20:00;0
29/11/2011 20:15;0
29/11/2011 20:30;0
29/11/2011 20:45;0
29/11/2011 21:00;0
29/11/2011 21:15;0
29/11/2011 21:30;0
29/11/2011 21:45;0
29/11/2011 22:00;0
29/11/2011 22:15;0
29/11/2011 22:30;0
29/11/2011 22:45;0
29/11/2011 23:00;0
29/11/2011 23:15;0
29/11/2011 23:30;0
29/11/2011 23:45;0
30/11/2011 00:00;0
30/11/2011 00:15;0
30/11/2011 00:30;0
30/11/2011 00:45;0
30/11/2011 01:00;0
30/11/2011 01:15;0
30/11/2011 01:30;0
30/11/2011 01:45;0
30/11/2011 02:00;0
30/11/2011 02:15;0
30/11/2011 02:30;0
30/11/2011 02:45;0
30/11/2011 03:00;0
30/11/2011 03:15;0
30/11/2011 03:30;0
30/11/2011 03:45;0
30/11/2011 04:00;0
30/11/2011 04:15;0
30/11/2011 04:30;0
30/11/2011 04:45;0
30/11/2011 05:00;0
30/11/2011 05:15;0
30/11/2011 05:30;0
30/11/2011 05:45;0
30/11/2011 06:00;0
30/11/2011 06:15;0
30/11/2011 06:30;0
30/11/2011 06:45;0
30/11/2011 07:00;0
30/11/2011 07:15;0
30/11/2011 07:30;0
30/11/2011 07:45;0
30/11/2011 08:00;0
30/11/2011 08:15;0
30/11/2011 08:30;0
30/11/2011 08:45;0
30/11/2011 09:00;0
30/11/2011 09:15;0
30/11/2011 09:30;0
30/11/2011 09:45;0
30/11/2011 10:00;0
30/11/2011 10:15;0
30/11/2011 10:30;0
30/11/2011 10:45;0
30/11/2011 11:00;0
30/11/2011 11:15;0
30/11/2011 11:30;0
30/11/2011 11:45;0
30/11/2011 12:00;0
30/11/2011 12:15;0
30/11/2011 12:30;0
30/11/2011 12:45;0
30/11/2011 13:00;0
30/11/2011 13:15;0
30/11/2011 13:30;0
30/11/2011 13:45;0
30/11/2011 14:00;0
30/11/2011 14:15;0
30/11/2011 14:30;0
30/11/2011 14:45;0
30/11/2011 15:00;0
30/11/2011 15:15;0
30/11/2011 15:30;0
30/11/2011 15:45;0
30/11/2011 16:00;0
30/11/2011 16:15;0
30/11/2011 16:30;0
30/11/2011 16:45;0
30/11/2011 17:00;0
30/11/2011 17:15;0
30/11/2011 17:30;0
30/11/2011 17:45;0
30/11/2011 18:00;0
30/11/2011 18:15;0
30/11/2011 18:30;0
30/11/2011 18:45;0
30/11/2011 19:00;0
30/11/2011 19:15;0
30/11/2011 19:30;0
30/11/2011 19:45;0
30/11/2011 20:00;0
30/11/2011 20:15;0
30/11/2011 20:30;0
30/11/2011 20:45;0
30/11/2011 21:00;0
30/11/2011 21:15;0
30/11/2011 21:30;0
30/11/2011 21:45;0
30/11/2011 22:00;0
30/11/2011 22:15;0
30/11/2011 22:30;0
30/11/2011 22:45;0
30/11/2011 23:00;0
30/11/2011 23:15;0
30/11/2011 23:30;0
30/11/2011 23:45;0
01/07/2013 00:00;0
01/07/2013 00:15;0
01/07/2013 00:30;0
01/07/2013 00:45;0
01/07/2013 01:00;0
01/07/2013 01:15;0
01/07/2013 01:30;0
01/07/2013 01:45;0
01/07/2013 02:00;0
01/07/2013 02:15;0
01/07/2013 02:30;0
01/07/2013 02:45;0
01/07/2013 03:00;0
01/07/2013 03:15;0
01/07/2013 03:30;0
01/07/2013 03:45;0
01/07/2013 04:00;0
01/07/2013 04:15;0
01/07/2013 04:30;0
01/07/2013 04:45;0
01/07/2013 05:00;0
01/07/2013 05:15;0
01/07/2013 05:30;0
01/07/2013 05:45;0
01/07/2013 06:00;0
01/07/2013 06:15;0
01/07/2013 06:30;0
01/07/2013 06:45;0
01/07/2013 07:00;0
01/07/2013 07:15;0
01/07/2013 07:30;0
01/07/2013 07:45;0
01/07/2013 08:00;0
01/07/2013 08:15;0
01/07/2013 08:30;0
01/07/2013 08:45;0
01/07/2013 09:00;0
01/07/2013 09:15;0
01/07/2013 09:30;0
01/07/2013 09:45;0
01/07/2013 10:00;0
01/07/2013 10:15;0
01/07/2013 10:30;0
01/07/2013 10:45;0
01/07/2013 11:00;0
01/07/2013 11:15;0
01/07/2013 11:30;0
01/07/2013 11:45;0
01/07/2013 12:00;0
01/07/2013 12:15;0
01/07/2013 12:30;0
01/07/2013 12:45;0.506155088642803
01/07/2013 13:00;1.53083317310209
01/07/2013 13:15;0.83276830590902
01/07/2013 13:30;1.44450373249094
01/07/2013 13:45;0.26276237085068
01/07/2013 14:00;0.380785851221808
01/07/2013 14:15;0.185543633757862
01/07/2013 14:30;0.807538044101819
01/07/2013 14:45;0.560939588764436
01/07/2013 15:00;0.25940022839696
01/07/2013 15:15;1.03915634908559
01/07/2013 15:30;0.639981382592164
01/07/2013 15:45;0.775264548763445
01/07/2013 16:00;0.785288048684896
01/07/2013 16:15;0.151796352123147
01/07/2013 16:30;0.0562639526301087
01/07/2013 16:45;0.00698600983681292
01/07/2013 17:00;0
01/07/2013 17:15;0
01/07/2013 17:30;0
01/07/2013 17:45;0
01/07/2013 18:00;0
01/07/2013 18:15;0
01/07/2013 18:30;0
01/07/2013 18:45;0
01/07/2013 19:00;0
01/07/2013 19:15;0
01/07/2013 19:30;0
01/07/2013 19:45;0
01/07/2013 20:00;0
01/07/2013 20:15;0
01/07/2013 20:30;0
01/07/2013 20:45;0
01/07/2013 21:00;0
01/07/2013 21:15;0
01/07/2013 21:30;0
01/07/2013 21:45;0
01/07/2013 22:00;0
01/07/2013 22:15;0
01/07/2013 22:30;0
01/07/2013 22:45;0
01/07/2013 23:00;0
01/07/2013 23:15;0
01/07/2013 23:30;0
01/07/2013 23:45;0
02/07/2013 00:00;0
02/07/2013 00:15;0
02/07/2013 00:30;0
02/07/2013 00:45;0
02/07/2013 01:00;0
02/07/2013 01:15;0
02/07/2013 01:30;0
02/07/2013 01:45;0
02/07/2013 02:00;0
02/07/2013 02:15;0
02/07/2013 02:30;0
02/07/2013 02:45;0
02/07/2013 03:00;0
02/07/2013 03:15;0
02/07/2013 03:30;0
02/07/2013 03:45;0
02/07/2013 04:00;0
02/07/2013 04:15;0
02/07/2013 04:30;0
02/07/2013 04:45;0
02/07/2013 05:00;0
02/07/2013 05:15;0
02/07/2013 05:30;0
02/07/2013 05:45;0
02/07/2013 06:00;0
02/07/2013 06:15;0
02/07/2013 06:30;0
02/07/2013 06:45;0
02/07/2013 07:00;0
02/07/2013 07:15;0
02/07/2013 07:30;0
02/07/2013 07:45;0
02/07/2013 08:00;0
02/07/2013 08:15;0
02/07/2013 08:30;0
02/07/2013 08:45;0
02/07/2013 09:00;0
02/07/2013 09:15;0
02/07/2013 09:30;0
02/07/2013 09:45;0
02/07/2013 10:00;0
02/07/2013 10:15;0
02/07/2013 10:30;0
02/07/2013 10:45;0
02/07/2013 11:00;0
02/07/2013 11:15;0
02/07/2013 11:30;0
02/07/2013 11:45;0
02/07/2013 12:00;0
02/07/2013 12:15;0
02/07/2013 12:30;0
02/07/2013 12:45;0
02/07/2013 13:00;0
02/07/2013 13:15;0
02/07/2013 13:30;0
02/07/2013 13:45;0
02/07/2013 14:00;0
02/07/2013 14:15;0
02/07/2013 14:30;0.0129187779095429
02/07/2013 14:45;0.0159979920070637
02/07/2013 15:00;0.479443171387388
02/07/2013 15:15;0.0135835958509778
02/07/2013 15:30;0.0586950568811953
02/07/2013 15:45;0.0680644943125954
02/07/2013 16:00;0.0604809009799975
02/07/2013 16:15;0
02/07/2013 16:30;0.0753519132189904
02/07/2013 16:45;0.0240322473798151
02/07/2013 17:00;0.000615842835891257
02/07/2013 17:15;0.561203886693667
02/07/2013 17:30;1.16853846492932
02/07/2013 17:45;0
02/07/2013 18:00;0
02/07/2013 18:15;0
02/07/2013 18:30;0
02/07/2013 18:45;0
02/07/2013 19:00;0
02/07/2013 19:15;0
02/07/2013 19:30;0
02/07/2013 19:45;0
02/07/2013 20:00;0
02/07/2013 20:15;0
02/07/2013 20:30;0
02/07/2013 20:45;0
02/07/2013 21:00;0
02/07/2013 21:15;0
02/07/2013 21:30;0
02/07/2013 21:45;0
02/07/2013 22:00;0
02/07/2013 22:15;0
02/07/2013 22:30;0
02/07/2013 22:45;0
02/07/2013 23:00;0
02/07/2013 23:15;0
02/07/2013 23:30;0
02/07/2013 23:45;0
03/07/2013 00:00;0
03/07/2013 00:15;0
03/07/2013 00:30;0
03/07/2013 00:45;0
03/07/2013 01:00;0
03/07/2013 01:15;0
03/07/2013 01:30;0
03/07/2013 01:45;0
03/07/2013 02:00;0
03/07/2013 02:15;0
03/07/2013 02:30;0
03/07/2013 02:45;0
03/07/2013 03:00;0
03/07/2013 03:15;0
03/07/2013 03:30;0
03/07/2013 03:45;0
03/07/2013 04:00;0
03/07/2013 04:15;0
03/07/2013 04:30;0
03/07/2013 04:45;0
03/07/2013 05:00;0
03/07/2013 05:15;0
03/07/2013 05:30;0
03/07/2013 05:45;0
03/07/2013 06:00;0
03/07/2013 06:15;0
03/07/2013 06:30;0
03/07/2013 06:45;0
03/07/2013 07:00;0
03/07/2013 07:15;0
03/07/2013 07:30;0
03/07/2013 07:45;0
03/07/2013 08:00;0
03/07/2013 08:15;0
03/07/2013 08:30;0
03/07/2013 08:45;0
03/07/2013 09:00;0
03/07/2013 09:15;0
03/07/2013 09:30;0
03/07/2013 09:45;0
03/07/2013 10:00;0
03/07/2013 10:15;0
03/07/2013 10:30;0
03/07/2013 10:45;0
03/07/2013 11:00;0
03/07/2013 11:15;0
03/07/2013 11:30;0
03/07/2013 11:45;0
03/07/2013 12:00;0
03/07/2013 12:15;0
03/07/2013 12:30;0
03/07/2013 12:45;0
03/07/2013 13:00;0
03/07/2013 13:15;0
03/07/2013 13:30;0
03/07/2013 13:45;0
03/07/2013 14:00;0
03/07/2013 14:15;0
03/07/2013 14:30;0
03/07/2013 14:45;0
03/07/2013 15:00;0
03/07/2013 15:15;0
03/07/2013 15:30;0
03/07/2013 15:45;0
03/07/2013 16:00;0
03/07/2013 16:15;0
03/07/2013 16:30;0
03/07/2013 16:45;0
03/07/2013 17:00;0
03/07/2013 17:15;0
03/07/2013 17:30;0
03/07/2013 17:45;0
03/07/2013 18:00;0
03/07/2013 18:15;0
03/07/2013 18:30;0
03/07/2013 18:45;0
03/07/2013 19:00;0
03/07/2013 19:15;0
03/07/2013 19:30;0
03/07/2013 19:45;0
03/07/2013 20:00;0
03/07/2013 20:15;0
03/07/2013 20:30;0
03/07/2013 20:45;0
03/07/2013 21:00;0
03/07/2013 21:15;0
03/07/2013 21:30;0
03/07/2013 21:45;0
03/07/2013 22:00;0
03/07/2013 22:15;0
03/07/2013 22:30;0
03/07/2013 22:45;0
03/07/2013 23:00;0
03/07/2013 23:15;0
03/07/2013 23:30;0
03/07/2013 23:45;0
04/07/2013 00:00;0
04/07/2013 00:15;0
04/07/2013 00:30;0
04/07/2013 00:45;0
04/07/2013 01:00;0
04/07/2013 01:15;0
04/07/2013 01:30;0
04/07/2013 01:45;0
04/07/2013 02:00;0
04/07/2013 02:15;0
04/07/2013 02:30;0
04/07/2013 02:45;0
04/07/2013 03:00;0
04/07/2013 03:15;0
04/07/2013 03:30;0
04/07/2013 03:45;0
04/07/2013 04:00;0
04/07/2013 04:15;0
04/07/2013 04:30;0
04/07/2013 04:45;0
04/07/2013 05:00;0
04/07/2013 05:15;0
04/07/2013 05:30;0
04/07/2013 05:45;0
04/07/2013 06:00;0
04/07/2013 06:15;0
04/07/2013 06:30;0
04/07/2013 06:45;0
04/07/2013 07:00;0
04/07/2013 07:15;0
04/07/2013 07:30;0
04/07/2013 07:45;0
04/07/2013 08:00;0
04/07/2013 08:15;0
04/07/2013 08:30;0
04/07/2013 08:45;0
04/07/2013 09:00;0
04/07/2013 09:15;0
04/07/2013 09:30;0
04/07/2013 09:45;0
04/07/2013 10:00;0
04/07/2013 10:15;0
04/07/2013 10:30;0
04/07/2013 10:45;0
04/07/2013 11:00;0
04/07/2013 11:15;0
04/07/2013 11:30;0
04/07/2013 11:45;0
04/07/2013 12:00;0
04/07/2013 12:15;0
04/07/2013 12:30;0
04/07/2013 12:45;0
04/07/2013 13:00;0
04/07/2013 13:15;0
04/07/2013 13:30;0
04/07/2013 13:45;0
04/07/2013 14:00;0
04/07/2013 14:15;0
04/07/2013 14:30;0
04/07/2013 14:45;0
04/07/2013 15:00;0
04/07/2013 15:15;0
04/07/2013 15:30;0
04/07/2013 15:45;0
04/07/2013 16:00;0
04/07/2013 16:15;0
04/07/2013 16:30;0
04/07/2013 16:45;0
04/07/2013 17:00;0
04/07/2013 17:15;0
04/07/2013 17:30;0
04/07/2013 17:45;0
04/07/2013 18:00;0
04/07/2013 18:15;0
04/07/2013 18:30;0
04/07/2013 18:45;0
04/07/2013 19:00;0
04/07/2013 19:15;0
04/07/2013 19:30;0
04/07/2013 19:45;0
04/07/2013 20:00;0
04/07/2013 20:15;0
04/07/2013 20:30;0
04/07/2013 20:45;0
04/07/2013 21:00;0
04/07/2013 21:15;0
04/07/2013 21:30;0
04/07/2013 21:45;0
04/07/2013 22:00;0
04/07/2013 22:15;0
04/07/2013 22:30;0
04/07/2013 22:45;0
04/07/2013 23:00;0
04/07/2013 23:15;0
04/07/2013 23:30;0
04/07/2013 23:45;0
05/07/2013 00:00;0
05/07/2013 00:15;0
05/07/2013 00:30;0
05/07/2013 00:45;0
05/07/2013 01:00;0
05/07/2013 01:15;0
05/07/2013 01:30;0
05/07/2013 01:45;0
05/07/2013 02:00;0
05/07/2013 02:15;0
05/07/2013 02:30;0
05/07/2013 02:45;0
05/07/2013 03:00;0
05/07/2013 03:15;0
05/07/2013 03:30;0
05/07/2013 03:45;0
05/07/2013 04:00;0
05/07/2013 04:15;0
05/07/2013 04:30;0
05/07/2013 04:45;0
05/07/2013 05:00;0
05/07/2013 05:15;0
05/07/2013 05:30;0
05/07/2013 05:45;0
05/07/2013 06:00;0
05/07/2013 06:15;0
05/07/2013 06:30;0
05/07/2013 06:45;0
05/07/2013 07:00;0
05/07/2013 07:15;0
05/07/2013 07:30;0
05/07/2013 07:45;0
05/07/2013 08:00;0
05/07/2013 08:15;0
05/07/2013 08:30;0
05/07/2013 08:45;0
05/07/2013 09:00;0
05/07/2013 09:15;0
05/07/2013 09:30;0
05/07/2013 09:45;0
05/07/2013 10:00;0
05/07/2013 10:15;0
05/07/2013 10:30;0
05/07/2013 10:45;0
05/07/2013 11:00;0
05/07/2013 11:15;0
05/07/2013 11:30;0
05/07/2013 11:45;0
05/07/2013 12:00;0
05/07/2013 12:15;0
05/07/2013 12:30;0
05/07/2013 12:45;0
05/07/2013 13:00;0
05/07/2013 13:15;0
05/07/2013 13:30;0
05/07/2013 13:45;0
05/07/2013 14:00;0
05/07/2013 14:15;0
05/07/2013 14:30;0
05/07/2013 14:45;0
05/07/2013 15:00;0
05/07/2013 15:15;0
05/07/2013 15:30;0
05/07/2013 15:45;0
05/07/2013 16:00;0
05/07/2013 16:15;0
05/07/2013 16:30;0
05/07/2013 16:45;0
05/07/2013 17:00;0
05/07/2013 17:15;0
05/07/2013 17:30;0
05/07/2013 17:45;0
05/07/2013 18:00;0
05/07/2013 18:15;0
05/07/2013 18:30;0
05/07/2013 18:45;0
05/07/2013 19:00;0
05/07/2013 19:15;0
05/07/2013 19:30;0
05/07/2013 19:45;0
05/07/2013 20:00;0
05/07/2013 20:15;0
05/07/2013 20:30;0
05/07/2013 20:45;0
05/07/2013 21:00;0
05/07/2013 21:15;0
05/07/2013 21:30;0
05/07/2013 21:45;0
05/07/2013 22:00;0
05/07/2013 22:15;0
05/07/2013 22:30;0
05/07/2013 22:45;0
05/07/2013 23:00;0
05/07/2013 23:15;0
05/07/2013 23:30;0
05/07/2013 23:45;0
06/07/2013 00:00;0
06/07/2013 00:15;0
06/07/2013 00:30;0
06/07/2013 00:45;0
06/07/2013 01:00;0
06/07/2013 01:15;0
06/07/2013 01:30;0
06/07/2013 01:45;0
06/07/2013 02:00;0
06/07/2013 02:15;0
06/07/2013 02:30;0
06/07/2013 02:45;0
06/07/2013 03:00;0
06/07/2013 03:15;0
06/07/2013 03:30;0
06/07/2013 03:45;0
06/07/2013 04:00;0
06/07/2013 04:15;0
06/07/2013 04:30;0
06/07/2013 04:45;0
06/07/2013 05:00;0
06/07/2013 05:15;0
06/07/2013 05:30;0
06/07/2013 05:45;0
06/07/2013 06:00;0
06/07/2013 06:15;0
06/07/2013 06:30;0
06/07/2013 06:45;0
06/07/2013 07:00;0
06/07/2013 07:15;0
06/07/2013 07:30;0
06/07/2013 07:45;0
06/07/2013 08:00;0
06/07/2013 08:15;0
06/07/2013 08:30;0
06/07/2013 08:45;0
06/07/2013 09:00;0
06/07/2013 09:15;0
06/07/2013 09:30;0
06/07/2013 09:45;0
06/07/2013 10:00;0
06/07/2013 10:15;0
06/07/2013 10:30;0
06/07/2013 10:45;0
06/07/2013 11:00;0
06/07/2013 11:15;0
06/07/2013 11:30;0
06/07/2013 11:45;0
06/07/2013 12:00;0
06/07/2013 12:15;0
06/07/2013 12:30;0
06/07/2013 12:45;0
06/07/2013 13:00;0
06/07/2013 13:15;0
06/07/2013 13:30;0
06/07/2013 13:45;0.0315673471190035
06/07/2013 14:00;0.269707246131301
06/07/2013 14:15;2.22074808922547
06/07/2013 14:30;10.6179003123863
06/07/2013 14:45;3.48256317492674
06/07/2013 15:00;1.69336162174931
06/07/2013 15:15;3.8224506266438
06/07/2013 15:30;1.90857515681503
06/07/2013 15:45;2.07343473388596
06/07/2013 16:00;1.93198004031572
06/07/2013 16:15;0.955731357814543
06/07/2013 16:30;0
06/07/2013 16:45;0.211049668973893
06/07/2013 17:00;5.1117245319192
06/07/2013 17:15;1.23302375968374
06/07/2013 17:30;0.302657891589202
06/07/2013 17:45;0.0345311168497118
06/07/2013 18:00;0.92765129049805
06/07/2013 18:15;5.39515602619252
06/07/2013 18:30;6.02323510899324
06/07/2013 18:45;0.0593826642207181
06/07/2013 19:00;1.53112321293649
06/07/2013 19:15;0.646082760018307
06/07/2013 19:30;0.0179262619529915
06/07/2013 19:45;0
06/07/2013 20:00;0
06/07/2013 20:15;0.0228005617080326
06/07/2013 20:30;0.0228005617080326
06/07/2013 20:45;0.0228005617080326
06/07/2013 21:00;0.0315983163660183
06/07/2013 21:15;0
06/07/2013 21:30;0
06/07/2013 21:45;0
06/07/2013 22:00;0
06/07/2013 22:15;0
06/07/2013 22:30;0
06/07/2013 22:45;0
06/07/2013 23:00;0
06/07/2013 23:15;0
06/07/2013 23:30;0
06/07/2013 23:45;0
07/07/2013 00:00;0
07/07/2013 00:15;0
07/07/2013 00:30;0
07/07/2013 00:45;0
07/07/2013 01:00;0
07/07/2013 01:15;0
07/07/2013 01:30;0
07/07/2013 01:45;0
07/07/2013 02:00;0
07/07/2013 02:15;0
07/07/2013 02:30;0
07/07/2013 02:45;0
07/07/2013 03:00;0
07/07/2013 03:15;0
07/07/2013 03:30;0
07/07/2013 03:45;0
07/07/2013 04:00;0
07/07/2013 04:15;0
07/07/2013 04:30;0
07/07/2013 04:45;0
07/07/2013 05:00;0
07/07/2013 05:15;0
07/07/2013 05:30;0
07/07/2013 05:45;0
07/07/2013 06:00;0
07/07/2013 06:15;0
07/07/2013 06:30;0
07/07/2013 06:45;0
07/07/2013 07:00;0
07/07/2013 07:15;0
07/07/2013 07:30;0
07/07/2013 07:45;0
07/07/2013 08:00;0
07/07/2013 08:15;0
07/07/2013 08:30;0
07/07/2013 08:45;0
07/07/2013 09:00;0
07/07/2013 09:15;0
07/07/2013 09:30;0
07/07/2013 09:45;0
07/07/2013 10:00;0
07/07/2013 10:15;0
07/07/2013 10:30;0
07/07/2013 10:45;0
07/07/2013 11:00;0
07/07/2013 11:15;0
07/07/2013 11:30;0
07/07/2013 11:45;0
07/07/2013 12:00;0
07/07/2013 12:15;0
07/07/2013 12:30;0
07/07/2013 12:45;0
07/07/2013 13:00;0
07/07/2013 13:15;0
07/07/2013 13:30;0
07/07/2013 13:45;0
07/07/2013 14:00;0
07/07/2013 14:15;0
07/07/2013 14:30;0
07/07/2013 14:45;0
07/07/2013 15:00;0
07/07/2013 15:15;0
07/07/2013 15:30;0
07/07/2013 15:45;0
07/07/2013 16:00;0
07/07/2013 16:15;0
07/07/2013 16:30;0
07/07/2013 16:45;0
07/07/2013 17:00;0
07/07/2013 17:15;0
07/07/2013 17:30;0
07/07/2013 17:45;0
07/07/2013 18:00;0
07/07/2013 18:15;0
07/07/2013 18:30;0
07/07/2013 18:45;0
07/07/2013 19:00;0
07/07/2013 19:15;0
07/07/2013 19:30;0
07/07/2013 19:45;0
07/07/2013 20:00;0
07/07/2013 20:15;0
07/07/2013 20:30;0
07/07/2013 20:45;0
07/07/2013 21:00;0
07/07/2013 21:15;0
07/07/2013 21:30;0
07/07/2013 21:45;0
07/07/2013 22:00;0
07/07/2013 22:15;0
07/07/2013 22:30;0
07/07/2013 22:45;0
07/07/2013 23:00;0
07/07/2013 23:15;0
07/07/2013 23:30;0
07/07/2013 23:45;0
08/07/2013 00:00;0
08/07/2013 00:15;0
08/07/2013 00:30;0
08/07/2013 00:45;0
08/07/2013 01:00;0
08/07/2013 01:15;0
08/07/2013 01:30;0
08/07/2013 01:45;0
08/07/2013 02:00;0
08/07/2013 02:15;0.266186471591397
08/07/2013 02:30;0.285332939066462
08/07/2013 02:45;0.222250188093866
08/07/2013 03:00;0.0338287914777068
08/07/2013 03:15;0
08/07/2013 03:30;0
08/07/2013 03:45;0.0023753937838755
08/07/2013 04:00;0.190101452038452
08/07/2013 04:15;0.0271994390370255
08/07/2013 04:30;0.0271994390370255
08/07/2013 04:45;0.0271994390370255
08/07/2013 05:00;0.0271994390370255
08/07/2013 05:15;0.025000000372529
08/07/2013 05:30;0.025000000372529
08/07/2013 05:45;0.025000000372529
08/07/2013 06:00;0.025000000372529
08/07/2013 06:15;0
08/07/2013 06:30;0
08/07/2013 06:45;0
08/07/2013 07:00;0
08/07/2013 07:15;0
08/07/2013 07:30;0
08/07/2013 07:45;0
08/07/2013 08:00;0
08/07/2013 08:15;0
08/07/2013 08:30;0
08/07/2013 08:45;0
08/07/2013 09:00;0
08/07/2013 09:15;0
08/07/2013 09:30;0
08/07/2013 09:45;0
08/07/2013 10:00;0
08/07/2013 10:15;0
08/07/2013 10:30;0
08/07/2013 10:45;0
08/07/2013 11:00;0
08/07/2013 11:15;0
08/07/2013 11:30;0
08/07/2013 11:45;0
08/07/2013 12:00;0
08/07/2013 12:15;0
08/07/2013 12:30;0
08/07/2013 12:45;0
08/07/2013 13:00;0
08/07/2013 13:15;0
08/07/2013 13:30;0
08/07/2013 13:45;0
08/07/2013 14:00;0
08/07/2013 14:15;0
08/07/2013 14:30;0
08/07/2013 14:45;0
08/07/2013 15:00;0
08/07/2013 15:15;0
08/07/2013 15:30;0
08/07/2013 15:45;0
08/07/2013 16:00;0
08/07/2013 16:15;0
08/07/2013 16:30;0
08/07/2013 16:45;0
08/07/2013 17:00;0
08/07/2013 17:15;0
08/07/2013 17:30;0
08/07/2013 17:45;0
08/07/2013 18:00;0
08/07/2013 18:15;0.138897296977834
08/07/2013 18:30;0.0523049447131872
08/07/2013 18:45;0
08/07/2013 19:00;0
08/07/2013 19:15;0
08/07/2013 19:30;0
08/07/2013 19:45;0
08/07/2013 20:00;0
08/07/2013 20:15;0
08/07/2013 20:30;0
08/07/2013 20:45;0
08/07/2013 21:00;0
08/07/2013 21:15;0
08/07/2013 21:30;0
08/07/2013 21:45;0
08/07/2013 22:00;0
08/07/2013 22:15;0
08/07/2013 22:30;0
08/07/2013 22:45;0
08/07/2013 23:00;0
08/07/2013 23:15;0
08/07/2013 23:30;0
08/07/2013 23:45;0
09/07/2013 00:00;0
09/07/2013 00:15;0
09/07/2013 00:30;0
09/07/2013 00:45;0
09/07/2013 01:00;0
09/07/2013 01:15;0
09/07/2013 01:30;0
09/07/2013 01:45;0
09/07/2013 02:00;0
09/07/2013 02:15;0
09/07/2013 02:30;0
09/07/2013 02:45;0
09/07/2013 03:00;0
09/07/2013 03:15;0
09/07/2013 03:30;0
09/07/2013 03:45;0
09/07/2013 04:00;0
09/07/2013 04:15;0
09/07/2013 04:30;0
09/07/2013 04:45;0
09/07/2013 05:00;0
09/07/2013 05:15;0
09/07/2013 05:30;0
09/07/2013 05:45;0
09/07/2013 06:00;0
09/07/2013 06:15;0
09/07/2013 06:30;0
09/07/2013 06:45;0
09/07/2013 07:00;0
09/07/2013 07:15;0
09/07/2013 07:30;0
09/07/2013 07:45;0
09/07/2013 08:00;0
09/07/2013 08:15;0.035982009598043
09/07/2013 08:30;0.0317980528912617
09/07/2013 08:45;0.0937205828491083
09/07/2013 09:00;0.089536626142327
09/07/2013 09:15;0.0015835957466697
09/07/2013 09:30;0.00483876496356958
09/07/2013 09:45;0.0023753937838755
09/07/2013 10:00;0
09/07/2013 10:15;0
09/07/2013 10:30;0
09/07/2013 10:45;0
09/07/2013 11:00;0
09/07/2013 11:15;0
09/07/2013 11:30;0
09/07/2013 11:45;0
09/07/2013 12:00;0
09/07/2013 12:15;0
09/07/2013 12:30;0
09/07/2013 12:45;0
09/07/2013 13:00;0
09/07/2013 13:15;0
09/07/2013 13:30;0
09/07/2013 13:45;0
09/07/2013 14:00;0
09/07/2013 14:15;0
09/07/2013 14:30;0
09/07/2013 14:45;0
09/07/2013 15:00;0
09/07/2013 15:15;0
09/07/2013 15:30;0
09/07/2013 15:45;0
09/07/2013 16:00;0
09/07/2013 16:15;0
09/07/2013 16:30;0
09/07/2013 16:45;0
09/07/2013 17:00;0.206248560999347
09/07/2013 17:15;0
09/07/2013 17:30;0
09/07/2013 17:45;0
09/07/2013 18:00;0
09/07/2013 18:15;0
09/07/2013 18:30;0
09/07/2013 18:45;0
09/07/2013 19:00;0
09/07/2013 19:15;0
09/07/2013 19:30;0
09/07/2013 19:45;0
09/07/2013 20:00;0
09/07/2013 20:15;0
09/07/2013 20:30;0
09/07/2013 20:45;0
09/07/2013 21:00;0
09/07/2013 21:15;0
09/07/2013 21:30;0
09/07/2013 21:45;0
09/07/2013 22:00;0
09/07/2013 22:15;0
09/07/2013 22:30;0
09/07/2013 22:45;0
09/07/2013 23:00;0
09/07/2013 23:15;0
09/07/2013 23:30;0
09/07/2013 23:45;0
10/07/2013 00:00;0
10/07/2013 00:15;0
10/07/2013 00:30;0
10/07/2013 00:45;0
10/07/2013 01:00;0
10/07/2013 01:15;0
10/07/2013 01:30;0
10/07/2013 01:45;0
10/07/2013 02:00;0
10/07/2013 02:15;0
10/07/2013 02:30;0
10/07/2013 02:45;0
10/07/2013 03:00;0
10/07/2013 03:15;0
10/07/2013 03:30;0
10/07/2013 03:45;0
10/07/2013 04:00;0
10/07/2013 04:15;0
10/07/2013 04:30;0
10/07/2013 04:45;0
10/07/2013 05:00;0
10/07/2013 05:15;0
10/07/2013 05:30;0
10/07/2013 05:45;0
10/07/2013 06:00;0
10/07/2013 06:15;0
10/07/2013 06:30;0
10/07/2013 06:45;0
10/07/2013 07:00;0
10/07/2013 07:15;0
10/07/2013 07:30;0
10/07/2013 07:45;0
10/07/2013 08:00;0
10/07/2013 08:15;0
10/07/2013 08:30;0
10/07/2013 08:45;0
10/07/2013 09:00;0
10/07/2013 09:15;0
10/07/2013 09:30;0
10/07/2013 09:45;0
10/07/2013 10:00;0
10/07/2013 10:15;0
10/07/2013 10:30;0
10/07/2013 10:45;0
10/07/2013 11:00;0
10/07/2013 11:15;0.0157255791983354
10/07/2013 11:30;0.0411222512563918
10/07/2013 11:45;0.0318910460312476
10/07/2013 12:00;0.322558869296363
10/07/2013 12:15;0.371484972990035
10/07/2013 12:30;0.587348674699857
10/07/2013 12:45;0.305328138340141
10/07/2013 13:00;0.419706661283118
10/07/2013 13:15;0.741206676084111
10/07/2013 13:30;0.975389178232086
10/07/2013 13:45;0.713076564950947
10/07/2013 14:00;0.784813634681656
10/07/2013 14:15;0.174010486420897
10/07/2013 14:30;0.102852786965331
10/07/2013 14:45;0.376518642688878
10/07/2013 15:00;0.230460382187495
10/07/2013 15:15;0.465746292250492
10/07/2013 15:30;0.740081754057744
10/07/2013 15:45;0.447893869699686
10/07/2013 16:00;0.970246575676614
10/07/2013 16:15;0.410911264076415
10/07/2013 16:30;0.167786805069364
10/07/2013 16:45;0.104981011489799
10/07/2013 17:00;0
10/07/2013 17:15;0
10/07/2013 17:30;0
10/07/2013 17:45;0
10/07/2013 18:00;0
10/07/2013 18:15;0
10/07/2013 18:30;0
10/07/2013 18:45;0
10/07/2013 19:00;0
10/07/2013 19:15;0
10/07/2013 19:30;0
10/07/2013 19:45;0
10/07/2013 20:00;0
10/07/2013 20:15;0
10/07/2013 20:30;0
10/07/2013 20:45;0
10/07/2013 21:00;0
10/07/2013 21:15;0
10/07/2013 21:30;0
10/07/2013 21:45;0
10/07/2013 22:00;0
10/07/2013 22:15;0
10/07/2013 22:30;0
10/07/2013 22:45;0
10/07/2013 23:00;0
10/07/2013 23:15;0
10/07/2013 23:30;0
10/07/2013 23:45;0
11/07/2013 00:00;0
11/07/2013 00:15;0
11/07/2013 00:30;0
11/07/2013 00:45;0
11/07/2013 01:00;0
11/07/2013 01:15;0
11/07/2013 01:30;0
11/07/2013 01:45;0
11/07/2013 02:00;0
11/07/2013 02:15;0
11/07/2013 02:30;0
11/07/2013 02:45;0
11/07/2013 03:00;0
11/07/2013 03:15;0
11/07/2013 03:30;0
11/07/2013 03:45;0
11/07/2013 04:00;0
11/07/2013 04:15;0
11/07/2013 04:30;0
11/07/2013 04:45;0
11/07/2013 05:00;0
11/07/2013 05:15;0
11/07/2013 05:30;0
11/07/2013 05:45;0
11/07/2013 06:00;0
11/07/2013 06:15;0
11/07/2013 06:30;0
11/07/2013 06:45;0
11/07/2013 07:00;0
11/07/2013 07:15;0
11/07/2013 07:30;0
11/07/2013 07:45;0
11/07/2013 08:00;0
11/07/2013 08:15;0
11/07/2013 08:30;0
11/07/2013 08:45;0
11/07/2013 09:00;0
11/07/2013 09:15;0
11/07/2013 09:30;0
11/07/2013 09:45;0
11/07/2013 10:00;0
11/07/2013 10:15;0
11/07/2013 10:30;0
11/07/2013 10:45;0
11/07/2013 11:00;0
11/07/2013 11:15;0
11/07/2013 11:30;0
11/07/2013 11:45;0
11/07/2013 12:00;0
11/07/2013 12:15;0
11/07/2013 12:30;0
11/07/2013 12:45;0
11/07/2013 13:00;0
11/07/2013 13:15;0
11/07/2013 13:30;0
11/07/2013 13:45;0
11/07/2013 14:00;0
11/07/2013 14:15;0.0107845625535105
11/07/2013 14:30;0
11/07/2013 14:45;0
11/07/2013 15:00;0.114334105386741
11/07/2013 15:15;1.03139637612809
11/07/2013 15:30;3.40223783150397
11/07/2013 15:45;0.0474726672329856
11/07/2013 16:00;0
11/07/2013 16:15;0
11/07/2013 16:30;0
11/07/2013 16:45;0
11/07/2013 17:00;0
11/07/2013 17:15;0.0500000007450581
11/07/2013 17:30;0.0500000007450581
11/07/2013 17:45;0.0500000007450581
11/07/2013 18:00;0.0500000007450581
11/07/2013 18:15;0
11/07/2013 18:30;0
11/07/2013 18:45;0
11/07/2013 19:00;0
11/07/2013 19:15;0
11/07/2013 19:30;0
11/07/2013 19:45;0
11/07/2013 20:00;0
11/07/2013 20:15;0
11/07/2013 20:30;0
11/07/2013 20:45;0
11/07/2013 21:00;0
11/07/2013 21:15;0
11/07/2013 21:30;0
11/07/2013 21:45;0
11/07/2013 22:00;0
11/07/2013 22:15;0
11/07/2013 22:30;0
11/07/2013 22:45;0
11/07/2013 23:00;0
11/07/2013 23:15;0
11/07/2013 23:30;0
11/07/2013 23:45;0
12/07/2013 00:00;0
12/07/2013 00:15;0
12/07/2013 00:30;0
12/07/2013 00:45;0
12/07/2013 01:00;0
12/07/2013 01:15;0
12/07/2013 01:30;0
12/07/2013 01:45;0
12/07/2013 02:00;0
12/07/2013 02:15;0
12/07/2013 02:30;0
12/07/2013 02:45;0
12/07/2013 03:00;0
12/07/2013 03:15;0
12/07/2013 03:30;0
12/07/2013 03:45;0
12/07/2013 04:00;0
12/07/2013 04:15;0
12/07/2013 04:30;0
12/07/2013 04:45;0
12/07/2013 05:00;0
12/07/2013 05:15;0
12/07/2013 05:30;0
12/07/2013 05:45;0
12/07/2013 06:00;0
12/07/2013 06:15;0
12/07/2013 06:30;0
12/07/2013 06:45;0
12/07/2013 07:00;0
12/07/2013 07:15;0
12/07/2013 07:30;0
12/07/2013 07:45;0
12/07/2013 08:00;0
12/07/2013 08:15;0
12/07/2013 08:30;0
12/07/2013 08:45;0
12/07/2013 09:00;0
12/07/2013 09:15;0
12/07/2013 09:30;0
12/07/2013 09:45;0
12/07/2013 10:00;0
12/07/2013 10:15;0
12/07/2013 10:30;0
12/07/2013 10:45;0
12/07/2013 11:00;0
12/07/2013 11:15;0
12/07/2013 11:30;0
12/07/2013 11:45;0
12/07/2013 12:00;0
12/07/2013 12:15;0
12/07/2013 12:30;0
12/07/2013 12:45;0
12/07/2013 13:00;0
12/07/2013 13:15;0
12/07/2013 13:30;0
12/07/2013 13:45;0
12/07/2013 14:00;0
12/07/2013 14:15;0.0326480895824279
12/07/2013 14:30;0.0179999992251396
12/07/2013 14:45;0.027879776133379
12/07/2013 15:00;0.0214721346865245
12/07/2013 15:15;0.0031671914933394
12/07/2013 15:30;0.0023753937838755
12/07/2013 15:45;0.000791797873334849
12/07/2013 16:00;0.0023753937838755
12/07/2013 16:15;0
12/07/2013 16:30;0
12/07/2013 16:45;0
12/07/2013 17:00;0
12/07/2013 17:15;0
12/07/2013 17:30;0
12/07/2013 17:45;0
12/07/2013 18:00;0
12/07/2013 18:15;0
12/07/2013 18:30;0
12/07/2013 18:45;0
12/07/2013 19:00;0
12/07/2013 19:15;0
12/07/2013 19:30;0
12/07/2013 19:45;0
12/07/2013 20:00;0
12/07/2013 20:15;0
12/07/2013 20:30;0
12/07/2013 20:45;0
12/07/2013 21:00;0
12/07/2013 21:15;0
12/07/2013 21:30;0
12/07/2013 21:45;0
12/07/2013 22:00;0
12/07/2013 22:15;0
12/07/2013 22:30;0
12/07/2013 22:45;0
12/07/2013 23:00;0
12/07/2013 23:15;0
12/07/2013 23:30;0
12/07/2013 23:45;0
13/07/2013 00:00;0
13/07/2013 00:15;0
13/07/2013 00:30;0
13/07/2013 00:45;0
13/07/2013 01:00;0
13/07/2013 01:15;0
13/07/2013 01:30;0
13/07/2013 01:45;0
13/07/2013 02:00;0
13/07/2013 02:15;0
13/07/2013 02:30;0
13/07/2013 02:45;0
13/07/2013 03:00;0
13/07/2013 03:15;0
13/07/2013 03:30;0
13/07/2013 03:45;0
13/07/2013 04:00;0
13/07/2013 04:15;0
13/07/2013 04:30;0
13/07/2013 04:45;0
13/07/2013 05:00;0
13/07/2013 05:15;0
13/07/2013 05:30;0
13/07/2013 05:45;0
13/07/2013 06:00;0
13/07/2013 06:15;0
13/07/2013 06:30;0
13/07/2013 06:45;0
13/07/2013 07:00;0
13/07/2013 07:15;0
13/07/2013 07:30;0
13/07/2013 07:45;0
13/07/2013 08:00;0
13/07/2013 08:15;0
13/07/2013 08:30;0
13/07/2013 08:45;0
13/07/2013 09:00;0
13/07/2013 09:15;0
13/07/2013 09:30;0
13/07/2013 09:45;0
13/07/2013 10:00;0
13/07/2013 10:15;0
13/07/2013 10:30;0
13/07/2013 10:45;0
13/07/2013 11:00;0
13/07/2013 11:15;0
13/07/2013 11:30;0
13/07/2013 11:45;0
13/07/2013 12:00;0
13/07/2013 12:15;0
13/07/2013 12:30;0
13/07/2013 12:45;0
13/07/2013 13:00;0
13/07/2013 13:15;0
13/07/2013 13:30;0
13/07/2013 13:45;0
13/07/2013 14:00;0
13/07/2013 14:15;0
13/07/2013 14:30;0
13/07/2013 14:45;0
13/07/2013 15:00;0
13/07/2013 15:15;0
13/07/2013 15:30;0
13/07/2013 15:45;0
13/07/2013 16:00;0
13/07/2013 16:15;0
13/07/2013 16:30;0
13/07/2013 16:45;0
13/07/2013 17:00;0
13/07/2013 17:15;0
13/07/2013 17:30;0
13/07/2013 17:45;0
13/07/2013 18:00;0
13/07/2013 18:15;0
13/07/2013 18:30;0
13/07/2013 18:45;0
13/07/2013 19:00;0
13/07/2013 19:15;0
13/07/2013 19:30;0
13/07/2013 19:45;0
13/07/2013 20:00;0.400000005960464
13/07/2013 20:15;0
13/07/2013 20:30;0
13/07/2013 20:45;0
13/07/2013 21:00;0
13/07/2013 21:15;0
13/07/2013 21:30;0
13/07/2013 21:45;0
13/07/2013 22:00;0
13/07/2013 22:15;0
13/07/2013 22:30;0
13/07/2013 22:45;0
13/07/2013 23:00;0
13/07/2013 23:15;0
13/07/2013 23:30;0
13/07/2013 23:45;0
14/07/2013 00:00;0
14/07/2013 00:15;0
14/07/2013 00:30;0
14/07/2013 00:45;0
14/07/2013 01:00;0
14/07/2013 01:15;0
14/07/2013 01:30;0
14/07/2013 01:45;0
14/07/2013 02:00;0
14/07/2013 02:15;0
14/07/2013 02:30;0
14/07/2013 02:45;0
14/07/2013 03:00;0
14/07/2013 03:15;0
14/07/2013 03:30;0
14/07/2013 03:45;0
14/07/2013 04:00;0
14/07/2013 04:15;0
14/07/2013 04:30;0
14/07/2013 04:45;0
14/07/2013 05:00;0
14/07/2013 05:15;0
14/07/2013 05:30;0
14/07/2013 05:45;0
14/07/2013 06:00;0
14/07/2013 06:15;0
14/07/2013 06:30;0
14/07/2013 06:45;0
14/07/2013 07:00;0
14/07/2013 07:15;0
14/07/2013 07:30;0
14/07/2013 07:45;0
14/07/2013 08:00;0
14/07/2013 08:15;0
14/07/2013 08:30;0
14/07/2013 08:45;0
14/07/2013 09:00;0
14/07/2013 09:15;0
14/07/2013 09:30;0
14/07/2013 09:45;0
14/07/2013 10:00;0
14/07/2013 10:15;0
14/07/2013 10:30;0
14/07/2013 10:45;0
14/07/2013 11:00;0
14/07/2013 11:15;0
14/07/2013 11:30;0
14/07/2013 11:45;0
14/07/2013 12:00;0
14/07/2013 12:15;0
14/07/2013 12:30;0
14/07/2013 12:45;0
14/07/2013 13:00;0
14/07/2013 13:15;0
14/07/2013 13:30;0
14/07/2013 13:45;0
14/07/2013 14:00;0
14/07/2013 14:15;2.25010389814433
14/07/2013 14:30;5.79202010634503
14/07/2013 14:45;4.07537423425187
14/07/2013 15:00;0.892807115982256
14/07/2013 15:15;0.327433116379202
14/07/2013 15:30;0.236846050922945
14/07/2013 15:45;0.0185413749852999
14/07/2013 16:00;0.0335755960545776
14/07/2013 16:15;0.0259912365825348
14/07/2013 16:30;0.0616950555102884
14/07/2013 16:45;0.0185601117544757
14/07/2013 17:00;0.00255134873938361
14/07/2013 17:15;0.00219943866449643
14/07/2013 17:30;0.00219943866449643
14/07/2013 17:45;0.00219943866449643
14/07/2013 18:00;0.00219943866449643
14/07/2013 18:15;0
14/07/2013 18:30;0
14/07/2013 18:45;0
14/07/2013 19:00;0
14/07/2013 19:15;0
14/07/2013 19:30;0
14/07/2013 19:45;0
14/07/2013 20:00;0
14/07/2013 20:15;0
14/07/2013 20:30;0
14/07/2013 20:45;0
14/07/2013 21:00;0
14/07/2013 21:15;0
14/07/2013 21:30;0
14/07/2013 21:45;0
14/07/2013 22:00;0
14/07/2013 22:15;0
14/07/2013 22:30;0
14/07/2013 22:45;0
14/07/2013 23:00;0
14/07/2013 23:15;0
14/07/2013 23:30;0
14/07/2013 23:45;0
15/07/2013 00:00;0
15/07/2013 00:15;0
15/07/2013 00:30;0
15/07/2013 00:45;0
15/07/2013 01:00;0
15/07/2013 01:15;0
15/07/2013 01:30;0
15/07/2013 01:45;0
15/07/2013 02:00;0
15/07/2013 02:15;0
15/07/2013 02:30;0
15/07/2013 02:45;0
15/07/2013 03:00;0
15/07/2013 03:15;0
15/07/2013 03:30;0
15/07/2013 03:45;0
15/07/2013 04:00;0
15/07/2013 04:15;0
15/07/2013 04:30;0
15/07/2013 04:45;0
15/07/2013 05:00;0
15/07/2013 05:15;0
15/07/2013 05:30;0
15/07/2013 05:45;0
15/07/2013 06:00;0
15/07/2013 06:15;0
15/07/2013 06:30;0
15/07/2013 06:45;0
15/07/2013 07:00;0
15/07/2013 07:15;0
15/07/2013 07:30;0
15/07/2013 07:45;0
15/07/2013 08:00;0
15/07/2013 08:15;0
15/07/2013 08:30;0
15/07/2013 08:45;0
15/07/2013 09:00;0
15/07/2013 09:15;0
15/07/2013 09:30;0
15/07/2013 09:45;0
15/07/2013 10:00;0
15/07/2013 10:15;0
15/07/2013 10:30;0
15/07/2013 10:45;0
15/07/2013 11:00;0
15/07/2013 11:15;0
15/07/2013 11:30;0
15/07/2013 11:45;0
15/07/2013 12:00;0
15/07/2013 12:15;0
15/07/2013 12:30;0
15/07/2013 12:45;0
15/07/2013 13:00;0
15/07/2013 13:15;0
15/07/2013 13:30;0
15/07/2013 13:45;0
15/07/2013 14:00;0
15/07/2013 14:15;0
15/07/2013 14:30;0
15/07/2013 14:45;0
15/07/2013 15:00;0
15/07/2013 15:15;0
15/07/2013 15:30;0
15/07/2013 15:45;0
15/07/2013 16:00;0
15/07/2013 16:15;0
15/07/2013 16:30;0.00369505685147659
15/07/2013 16:45;0.124996374832758
15/07/2013 17:00;2.21729553048908
15/07/2013 17:15;1.670516083985
15/07/2013 17:30;3.15896676764751
15/07/2013 17:45;7.5996951945576
15/07/2013 18:00;5.52162189100231
15/07/2013 18:15;0.190292740788942
15/07/2013 18:30;0.01375685021921
15/07/2013 18:45;0
15/07/2013 19:00;0
15/07/2013 19:15;0
15/07/2013 19:30;0
15/07/2013 19:45;0
15/07/2013 20:00;0
15/07/2013 20:15;0
15/07/2013 20:30;0
15/07/2013 20:45;0
15/07/2013 21:00;0
15/07/2013 21:15;0
15/07/2013 21:30;0
15/07/2013 21:45;0
15/07/2013 22:00;0
15/07/2013 22:15;0
15/07/2013 22:30;0
15/07/2013 22:45;0
15/07/2013 23:00;0
15/07/2013 23:15;0
15/07/2013 23:30;0
15/07/2013 23:45;0
16/07/2013 00:00;0
16/07/2013 00:15;0
16/07/2013 00:30;0
16/07/2013 00:45;0
16/07/2013 01:00;0
16/07/2013 01:15;0
16/07/2013 01:30;0
16/07/2013 01:45;0
16/07/2013 02:00;0
16/07/2013 02:15;0
16/07/2013 02:30;0
16/07/2013 02:45;0
16/07/2013 03:00;0
16/07/2013 03:15;0
16/07/2013 03:30;0
16/07/2013 03:45;0
16/07/2013 04:00;0
16/07/2013 04:15;0
16/07/2013 04:30;0
16/07/2013 04:45;0
16/07/2013 05:00;0
16/07/2013 05:15;0
16/07/2013 05:30;0
16/07/2013 05:45;0
16/07/2013 06:00;0
16/07/2013 06:15;0
16/07/2013 06:30;0
16/07/2013 06:45;0
16/07/2013 07:00;0
16/07/2013 07:15;0
16/07/2013 07:30;0
16/07/2013 07:45;0
16/07/2013 08:00;0
16/07/2013 08:15;0
16/07/2013 08:30;0
16/07/2013 08:45;0
16/07/2013 09:00;0
16/07/2013 09:15;0
16/07/2013 09:30;0
16/07/2013 09:45;0
16/07/2013 10:00;0
16/07/2013 10:15;0
16/07/2013 10:30;0
16/07/2013 10:45;0
16/07/2013 11:00;0
16/07/2013 11:15;0
16/07/2013 11:30;0
16/07/2013 11:45;0
16/07/2013 12:00;0
16/07/2013 12:15;0
16/07/2013 12:30;0
16/07/2013 12:45;0
16/07/2013 13:00;0
16/07/2013 13:15;0
16/07/2013 13:30;0
16/07/2013 13:45;0
16/07/2013 14:00;0
16/07/2013 14:15;0
16/07/2013 14:30;0
16/07/2013 14:45;0
16/07/2013 15:00;0
16/07/2013 15:15;0
16/07/2013 15:30;0.11284813478401
16/07/2013 15:45;0.145739183279422
16/07/2013 16:00;0.15330878612709
16/07/2013 16:15;0.0723601592847433
16/07/2013 16:30;0.705680828829909
16/07/2013 16:45;0.605477159273381
16/07/2013 17:00;0.100547613636357
16/07/2013 17:15;0
16/07/2013 17:30;0
16/07/2013 17:45;0
16/07/2013 18:00;0
16/07/2013 18:15;0
16/07/2013 18:30;0
16/07/2013 18:45;0
16/07/2013 19:00;0
16/07/2013 19:15;0
16/07/2013 19:30;0
16/07/2013 19:45;0
16/07/2013 20:00;0
16/07/2013 20:15;0
16/07/2013 20:30;0
16/07/2013 20:45;0
16/07/2013 21:00;0
16/07/2013 21:15;0
16/07/2013 21:30;0
16/07/2013 21:45;0
16/07/2013 22:00;0
16/07/2013 22:15;0
16/07/2013 22:30;0
16/07/2013 22:45;0
16/07/2013 23:00;0
16/07/2013 23:15;0
16/07/2013 23:30;0
16/07/2013 23:45;0
17/07/2013 00:00;0
17/07/2013 00:15;0
17/07/2013 00:30;0
17/07/2013 00:45;0
17/07/2013 01:00;0
17/07/2013 01:15;0
17/07/2013 01:30;0
17/07/2013 01:45;0
17/07/2013 02:00;0
17/07/2013 02:15;0
17/07/2013 02:30;0
17/07/2013 02:45;0
17/07/2013 03:00;0
17/07/2013 03:15;0
17/07/2013 03:30;0
17/07/2013 03:45;0
17/07/2013 04:00;0
17/07/2013 04:15;0
17/07/2013 04:30;0
17/07/2013 04:45;0
17/07/2013 05:00;0
17/07/2013 05:15;0
17/07/2013 05:30;0
17/07/2013 05:45;0
17/07/2013 06:00;0
17/07/2013 06:15;0
17/07/2013 06:30;0
17/07/2013 06:45;0
17/07/2013 07:00;0
17/07/2013 07:15;0
17/07/2013 07:30;0
17/07/2013 07:45;0
17/07/2013 08:00;0
17/07/2013 08:15;0
17/07/2013 08:30;0
17/07/2013 08:45;0
17/07/2013 09:00;0
17/07/2013 09:15;0
17/07/2013 09:30;0
17/07/2013 09:45;0
17/07/2013 10:00;0
17/07/2013 10:15;0
17/07/2013 10:30;0.0134546418614645
17/07/2013 10:45;0.476477097598838
17/07/2013 11:00;0.128863143265621
17/07/2013 11:15;0.0227820738694981
17/07/2013 11:30;0.0512619782282531
17/07/2013 11:45;0.0129095340603405
17/07/2013 12:00;0.0117718167323297
17/07/2013 12:15;0.0403639277822306
17/07/2013 12:30;0.254660785563372
17/07/2013 12:45;0.483857023060293
17/07/2013 13:00;0.205235170797888
17/07/2013 13:15;0.247082017153764
17/07/2013 13:30;0.102128986777447
17/07/2013 13:45;2.06924290667325
17/07/2013 14:00;0.820049796193875
17/07/2013 14:15;0.533113952454214
17/07/2013 14:30;0.941612130059025
17/07/2013 14:45;0.321574566060995
17/07/2013 15:00;0
17/07/2013 15:15;0.00127893662800026
17/07/2013 15:30;0
17/07/2013 15:45;0
17/07/2013 16:00;0.00624421943029073
17/07/2013 16:15;0
17/07/2013 16:30;0
17/07/2013 16:45;0
17/07/2013 17:00;0
17/07/2013 17:15;0
17/07/2013 17:30;0
17/07/2013 17:45;0
17/07/2013 18:00;0
17/07/2013 18:15;0
17/07/2013 18:30;0
17/07/2013 18:45;0
17/07/2013 19:00;0
17/07/2013 19:15;0
17/07/2013 19:30;0
17/07/2013 19:45;0
17/07/2013 20:00;0
17/07/2013 20:15;0
17/07/2013 20:30;0
17/07/2013 20:45;0
17/07/2013 21:00;0
17/07/2013 21:15;0
17/07/2013 21:30;0
17/07/2013 21:45;0
17/07/2013 22:00;0
17/07/2013 22:15;0
17/07/2013 22:30;0
17/07/2013 22:45;0
17/07/2013 23:00;0
17/07/2013 23:15;0
17/07/2013 23:30;0
17/07/2013 23:45;0
18/07/2013 00:00;0
18/07/2013 00:15;0
18/07/2013 00:30;0
18/07/2013 00:45;0
18/07/2013 01:00;0
18/07/2013 01:15;0
18/07/2013 01:30;0
18/07/2013 01:45;0
18/07/2013 02:00;0
18/07/2013 02:15;0
18/07/2013 02:30;0
18/07/2013 02:45;0
18/07/2013 03:00;0
18/07/2013 03:15;0
18/07/2013 03:30;0
18/07/2013 03:45;0
18/07/2013 04:00;0
18/07/2013 04:15;0
18/07/2013 04:30;0
18/07/2013 04:45;0
18/07/2013 05:00;0
18/07/2013 05:15;0
18/07/2013 05:30;0
18/07/2013 05:45;0
18/07/2013 06:00;0
18/07/2013 06:15;0
18/07/2013 06:30;0
18/07/2013 06:45;0
18/07/2013 07:00;0
18/07/2013 07:15;0
18/07/2013 07:30;0
18/07/2013 07:45;0
18/07/2013 08:00;0
18/07/2013 08:15;0
18/07/2013 08:30;0
18/07/2013 08:45;0
18/07/2013 09:00;0
18/07/2013 09:15;0
18/07/2013 09:30;0
18/07/2013 09:45;0
18/07/2013 10:00;0
18/07/2013 10:15;0
18/07/2013 10:30;0
18/07/2013 10:45;0
18/07/2013 11:00;0
18/07/2013 11:15;0
18/07/2013 11:30;0
18/07/2013 11:45;0.0150441605765878
18/07/2013 12:00;0.463660968632231
18/07/2013 12:15;0.554616293002069
18/07/2013 12:30;0.998714105966898
18/07/2013 12:45;0.505473342941414
18/07/2013 13:00;0.67929910612381
18/07/2013 13:15;0.841744402627699
18/07/2013 13:30;0.919075501723776
18/07/2013 13:45;0.567176631494666
18/07/2013 14:00;0.345734654356257
18/07/2013 14:15;0.139709774848095
18/07/2013 14:30;0.0851437073073466
18/07/2013 14:45;0.0808328073741724
18/07/2013 15:00;0.0021114611048069
18/07/2013 15:15;0
18/07/2013 15:30;0
18/07/2013 15:45;0
18/07/2013 16:00;0
18/07/2013 16:15;0
18/07/2013 16:30;0
18/07/2013 16:45;0
18/07/2013 17:00;0
18/07/2013 17:15;0
18/07/2013 17:30;0
18/07/2013 17:45;0
18/07/2013 18:00;0
18/07/2013 18:15;0
18/07/2013 18:30;0
18/07/2013 18:45;0
18/07/2013 19:00;0
18/07/2013 19:15;0
18/07/2013 19:30;0
18/07/2013 19:45;0
18/07/2013 20:00;0
18/07/2013 20:15;0.0018807890846376
18/07/2013 20:30;0.0018807890846376
18/07/2013 20:45;0.0018807890846376
18/07/2013 21:00;0.0018807890846376
18/07/2013 21:15;0
18/07/2013 21:30;0
18/07/2013 21:45;0
18/07/2013 22:00;0
18/07/2013 22:15;0
18/07/2013 22:30;0
18/07/2013 22:45;0
18/07/2013 23:00;0
18/07/2013 23:15;0
18/07/2013 23:30;0
18/07/2013 23:45;0
19/07/2013 00:00;0
19/07/2013 00:15;0
19/07/2013 00:30;0
19/07/2013 00:45;0
19/07/2013 01:00;0
19/07/2013 01:15;0
19/07/2013 01:30;0
19/07/2013 01:45;0
19/07/2013 02:00;0
19/07/2013 02:15;0
19/07/2013 02:30;0
19/07/2013 02:45;0
19/07/2013 03:00;0
19/07/2013 03:15;0
19/07/2013 03:30;0
19/07/2013 03:45;0
19/07/2013 04:00;0
19/07/2013 04:15;0
19/07/2013 04:30;0
19/07/2013 04:45;0
19/07/2013 05:00;0
19/07/2013 05:15;0
19/07/2013 05:30;0
19/07/2013 05:45;0
19/07/2013 06:00;0
19/07/2013 06:15;0
19/07/2013 06:30;0
19/07/2013 06:45;0
19/07/2013 07:00;0
19/07/2013 07:15;0
19/07/2013 07:30;0
19/07/2013 07:45;0
19/07/2013 08:00;0
19/07/2013 08:15;0
19/07/2013 08:30;0
19/07/2013 08:45;0
19/07/2013 09:00;0
19/07/2013 09:15;0
19/07/2013 09:30;0
19/07/2013 09:45;0
19/07/2013 10:00;0
19/07/2013 10:15;0
19/07/2013 10:30;0
19/07/2013 10:45;0.0510732590414046
19/07/2013 11:00;0.0401289877907258
19/07/2013 11:15;0
19/07/2013 11:30;0
19/07/2013 11:45;0
19/07/2013 12:00;0
19/07/2013 12:15;0
19/07/2013 12:30;0.00219943866449643
19/07/2013 12:45;0.293969984092778
19/07/2013 13:00;0.397582035957908
19/07/2013 13:15;0.14560112830373
19/07/2013 13:30;0.0456011234160652
19/07/2013 13:45;0
19/07/2013 14:00;0
19/07/2013 14:15;0
19/07/2013 14:30;0
19/07/2013 14:45;0
19/07/2013 15:00;0
19/07/2013 15:15;0
19/07/2013 15:30;0
19/07/2013 15:45;0
19/07/2013 16:00;0
19/07/2013 16:15;0
19/07/2013 16:30;0
19/07/2013 16:45;0
19/07/2013 17:00;0
19/07/2013 17:15;0
19/07/2013 17:30;0
19/07/2013 17:45;0
19/07/2013 18:00;0
19/07/2013 18:15;0
19/07/2013 18:30;0
19/07/2013 18:45;0
19/07/2013 19:00;0
19/07/2013 19:15;0
19/07/2013 19:30;0
19/07/2013 19:45;0
19/07/2013 20:00;0
19/07/2013 20:15;0.025000000372529
19/07/2013 20:30;0.025000000372529
19/07/2013 20:45;0.025000000372529
19/07/2013 21:00;0.025000000372529
19/07/2013 21:15;0
19/07/2013 21:30;0.082842267173883
19/07/2013 21:45;2.18668137434785
19/07/2013 22:00;1.46725532886672
19/07/2013 22:15;0.807138916057159
19/07/2013 22:30;0.725734437505078
19/07/2013 22:45;0.207114179224672
19/07/2013 23:00;0.10030192105092
19/07/2013 23:15;0.233916423197775
19/07/2013 23:30;0
19/07/2013 23:45;0
20/07/2013 00:00;0
20/07/2013 00:15;0
20/07/2013 00:30;0
20/07/2013 00:45;0
20/07/2013 01:00;0
20/07/2013 01:15;0
20/07/2013 01:30;0
20/07/2013 01:45;0
20/07/2013 02:00;0
20/07/2013 02:15;0
20/07/2013 02:30;0
20/07/2013 02:45;0
20/07/2013 03:00;0
20/07/2013 03:15;0
20/07/2013 03:30;0
20/07/2013 03:45;0
20/07/2013 04:00;0
20/07/2013 04:15;0
20/07/2013 04:30;0
20/07/2013 04:45;0
20/07/2013 05:00;0
20/07/2013 05:15;0
20/07/2013 05:30;0
20/07/2013 05:45;0
20/07/2013 06:00;0
20/07/2013 06:15;0
20/07/2013 06:30;0
20/07/2013 06:45;0
20/07/2013 07:00;0
20/07/2013 07:15;0
20/07/2013 07:30;0
20/07/2013 07:45;0
20/07/2013 08:00;0
20/07/2013 08:15;0
20/07/2013 08:30;0
20/07/2013 08:45;0
20/07/2013 09:00;0
20/07/2013 09:15;0
20/07/2013 09:30;0
20/07/2013 09:45;0
20/07/2013 10:00;0
20/07/2013 10:15;0
20/07/2013 10:30;0
20/07/2013 10:45;0
20/07/2013 11:00;0
20/07/2013 11:15;0
20/07/2013 11:30;0
20/07/2013 11:45;0
20/07/2013 12:00;0
20/07/2013 12:15;0
20/07/2013 12:30;0
20/07/2013 12:45;0
20/07/2013 13:00;0
20/07/2013 13:15;0
20/07/2013 13:30;0
20/07/2013 13:45;0
20/07/2013 14:00;0
20/07/2013 14:15;0
20/07/2013 14:30;0
20/07/2013 14:45;0
20/07/2013 15:00;0
20/07/2013 15:15;0
20/07/2013 15:30;0
20/07/2013 15:45;0
20/07/2013 16:00;0
20/07/2013 16:15;0
20/07/2013 16:30;0
20/07/2013 16:45;0
20/07/2013 17:00;0
20/07/2013 17:15;0
20/07/2013 17:30;0
20/07/2013 17:45;0
20/07/2013 18:00;0
20/07/2013 18:15;0
20/07/2013 18:30;0
20/07/2013 18:45;0
20/07/2013 19:00;0
20/07/2013 19:15;0
20/07/2013 19:30;0
20/07/2013 19:45;0
20/07/2013 20:00;0
20/07/2013 20:15;0
20/07/2013 20:30;0
20/07/2013 20:45;0
20/07/2013 21:00;0
20/07/2013 21:15;0
20/07/2013 21:30;0
20/07/2013 21:45;0
20/07/2013 22:00;0
20/07/2013 22:15;0
20/07/2013 22:30;0
20/07/2013 22:45;0
20/07/2013 23:00;0
20/07/2013 23:15;0
20/07/2013 23:30;0
20/07/2013 23:45;0
21/07/2013 00:00;0
21/07/2013 00:15;0
21/07/2013 00:30;0
21/07/2013 00:45;0
21/07/2013 01:00;0
21/07/2013 01:15;0
21/07/2013 01:30;0
21/07/2013 01:45;0
21/07/2013 02:00;0
21/07/2013 02:15;0
21/07/2013 02:30;0
21/07/2013 02:45;0
21/07/2013 03:00;0
21/07/2013 03:15;0
21/07/2013 03:30;0
21/07/2013 03:45;0
21/07/2013 04:00;0
21/07/2013 04:15;0
21/07/2013 04:30;0
21/07/2013 04:45;0
21/07/2013 05:00;0
21/07/2013 05:15;0
21/07/2013 05:30;0
21/07/2013 05:45;0
21/07/2013 06:00;0
21/07/2013 06:15;0
21/07/2013 06:30;0
21/07/2013 06:45;0
21/07/2013 07:00;0
21/07/2013 07:15;0
21/07/2013 07:30;0
21/07/2013 07:45;0
21/07/2013 08:00;0
21/07/2013 08:15;0
21/07/2013 08:30;0
21/07/2013 08:45;0
21/07/2013 09:00;0
21/07/2013 09:15;0
21/07/2013 09:30;0
21/07/2013 09:45;0
21/07/2013 10:00;0
21/07/2013 10:15;0
21/07/2013 10:30;0
21/07/2013 10:45;0
21/07/2013 11:00;0
21/07/2013 11:15;0
21/07/2013 11:30;0
21/07/2013 11:45;0
21/07/2013 12:00;0
21/07/2013 12:15;0
21/07/2013 12:30;0
21/07/2013 12:45;0
21/07/2013 13:00;0
21/07/2013 13:15;0
21/07/2013 13:30;0
21/07/2013 13:45;0
21/07/2013 14:00;0
21/07/2013 14:15;0
21/07/2013 14:30;0
21/07/2013 14:45;0
21/07/2013 15:00;0
21/07/2013 15:15;0
21/07/2013 15:30;0
21/07/2013 15:45;0
21/07/2013 16:00;0
21/07/2013 16:15;0
21/07/2013 16:30;0
21/07/2013 16:45;0
21/07/2013 17:00;0
21/07/2013 17:15;0
21/07/2013 17:30;0
21/07/2013 17:45;0
21/07/2013 18:00;0
21/07/2013 18:15;0
21/07/2013 18:30;0
21/07/2013 18:45;0
21/07/2013 19:00;0
21/07/2013 19:15;0
21/07/2013 19:30;0
21/07/2013 19:45;0
21/07/2013 20:00;0
21/07/2013 20:15;0
21/07/2013 20:30;0
21/07/2013 20:45;0
21/07/2013 21:00;0
21/07/2013 21:15;0
21/07/2013 21:30;0
21/07/2013 21:45;0
21/07/2013 22:00;0
21/07/2013 22:15;0
21/07/2013 22:30;0
21/07/2013 22:45;0
21/07/2013 23:00;0
21/07/2013 23:15;0
21/07/2013 23:30;0
21/07/2013 23:45;0
22/07/2013 00:00;0
22/07/2013 00:15;0
22/07/2013 00:30;0
22/07/2013 00:45;0
22/07/2013 01:00;0
22/07/2013 01:15;0
22/07/2013 01:30;0
22/07/2013 01:45;0
22/07/2013 02:00;0
22/07/2013 02:15;0
22/07/2013 02:30;0
22/07/2013 02:45;0
22/07/2013 03:00;0
22/07/2013 03:15;0
22/07/2013 03:30;0
22/07/2013 03:45;0
22/07/2013 04:00;0
22/07/2013 04:15;0
22/07/2013 04:30;0
22/07/2013 04:45;0
22/07/2013 05:00;0
22/07/2013 05:15;0
22/07/2013 05:30;0
22/07/2013 05:45;0
22/07/2013 06:00;0
22/07/2013 06:15;0
22/07/2013 06:30;0
22/07/2013 06:45;0
22/07/2013 07:00;0
22/07/2013 07:15;0
22/07/2013 07:30;0
22/07/2013 07:45;0
22/07/2013 08:00;0
22/07/2013 08:15;0
22/07/2013 08:30;0
22/07/2013 08:45;0
22/07/2013 09:00;0
22/07/2013 09:15;0
22/07/2013 09:30;0
22/07/2013 09:45;0
22/07/2013 10:00;0
22/07/2013 10:15;0
22/07/2013 10:30;0
22/07/2013 10:45;0
22/07/2013 11:00;0
22/07/2013 11:15;0
22/07/2013 11:30;0
22/07/2013 11:45;0
22/07/2013 12:00;0
22/07/2013 12:15;0
22/07/2013 12:30;0
22/07/2013 12:45;0
22/07/2013 13:00;0
22/07/2013 13:15;0
22/07/2013 13:30;0
22/07/2013 13:45;0
22/07/2013 14:00;0
22/07/2013 14:15;0.0285895524119858
22/07/2013 14:30;0.366748669941565
22/07/2013 14:45;0.0938184277706599
22/07/2013 15:00;0.0173284260826932
22/07/2013 15:15;0
22/07/2013 15:30;0.628306573576977
22/07/2013 15:45;1.50620445618947
22/07/2013 16:00;1.1693973078052
22/07/2013 16:15;0.241266390487911
22/07/2013 16:30;0.00360707945565801
22/07/2013 16:45;0.0407840282668119
22/07/2013 17:00;0.00809393418046945
22/07/2013 17:15;0
22/07/2013 17:30;0
22/07/2013 17:45;0
22/07/2013 18:00;0
22/07/2013 18:15;0
22/07/2013 18:30;0
22/07/2013 18:45;0
22/07/2013 19:00;0
22/07/2013 19:15;0
22/07/2013 19:30;0
22/07/2013 19:45;0
22/07/2013 20:00;0
22/07/2013 20:15;0
22/07/2013 20:30;0
22/07/2013 20:45;0
22/07/2013 21:00;0
22/07/2013 21:15;0
22/07/2013 21:30;0
22/07/2013 21:45;0
22/07/2013 22:00;0
22/07/2013 22:15;0
22/07/2013 22:30;0
22/07/2013 22:45;0
22/07/2013 23:00;0
22/07/2013 23:15;0
22/07/2013 23:30;0
22/07/2013 23:45;0
23/07/2013 00:00;0
23/07/2013 00:15;0
23/07/2013 00:30;0
23/07/2013 00:45;0
23/07/2013 01:00;0
23/07/2013 01:15;0
23/07/2013 01:30;0
23/07/2013 01:45;0
23/07/2013 02:00;0
23/07/2013 02:15;0
23/07/2013 02:30;0
23/07/2013 02:45;0
23/07/2013 03:00;0
23/07/2013 03:15;0
23/07/2013 03:30;0
23/07/2013 03:45;0
23/07/2013 04:00;0
23/07/2013 04:15;0
23/07/2013 04:30;0
23/07/2013 04:45;0
23/07/2013 05:00;0
23/07/2013 05:15;0
23/07/2013 05:30;0
23/07/2013 05:45;0
23/07/2013 06:00;0
23/07/2013 06:15;0
23/07/2013 06:30;0
23/07/2013 06:45;0
23/07/2013 07:00;0
23/07/2013 07:15;0
23/07/2013 07:30;0
23/07/2013 07:45;0
23/07/2013 08:00;0
23/07/2013 08:15;0
23/07/2013 08:30;0
23/07/2013 08:45;0
23/07/2013 09:00;0
23/07/2013 09:15;0
23/07/2013 09:30;0
23/07/2013 09:45;0
23/07/2013 10:00;0
23/07/2013 10:15;0
23/07/2013 10:30;0
23/07/2013 10:45;0
23/07/2013 11:00;0
23/07/2013 11:15;0
23/07/2013 11:30;0
23/07/2013 11:45;0
23/07/2013 12:00;0
23/07/2013 12:15;0
23/07/2013 12:30;0
23/07/2013 12:45;0
23/07/2013 13:00;0
23/07/2013 13:15;0
23/07/2013 13:30;0
23/07/2013 13:45;0
23/07/2013 14:00;0
23/07/2013 14:15;0.0271994390370255
23/07/2013 14:30;0.0271994390370255
23/07/2013 14:45;0.0271994390370255
23/07/2013 15:00;0.0271994390370255
23/07/2013 15:15;0
23/07/2013 15:30;0
23/07/2013 15:45;0
23/07/2013 16:00;0
23/07/2013 16:15;0
23/07/2013 16:30;0
23/07/2013 16:45;0
23/07/2013 17:00;0
23/07/2013 17:15;0.025000000372529
23/07/2013 17:30;0.025000000372529
23/07/2013 17:45;0.025000000372529
23/07/2013 18:00;0.025000000372529
23/07/2013 18:15;0.00659831615736024
23/07/2013 18:30;0.00659831615736024
23/07/2013 18:45;0.280205063448848
23/07/2013 19:00;0.00659831615736024
23/07/2013 19:15;0
23/07/2013 19:30;0
23/07/2013 19:45;0
23/07/2013 20:00;0
23/07/2013 20:15;0
23/07/2013 20:30;0
23/07/2013 20:45;0
23/07/2013 21:00;0
23/07/2013 21:15;0
23/07/2013 21:30;0
23/07/2013 21:45;0
23/07/2013 22:00;0
23/07/2013 22:15;0
23/07/2013 22:30;0
23/07/2013 22:45;0
23/07/2013 23:00;0
23/07/2013 23:15;0
23/07/2013 23:30;0
23/07/2013 23:45;0
24/07/2013 00:00;0
24/07/2013 00:15;0
24/07/2013 00:30;0
24/07/2013 00:45;0
24/07/2013 01:00;0
24/07/2013 01:15;0
24/07/2013 01:30;0
24/07/2013 01:45;0
24/07/2013 02:00;0
24/07/2013 02:15;0
24/07/2013 02:30;0
24/07/2013 02:45;0
24/07/2013 03:00;0
24/07/2013 03:15;0
24/07/2013 03:30;0
24/07/2013 03:45;0
24/07/2013 04:00;0
24/07/2013 04:15;0
24/07/2013 04:30;0
24/07/2013 04:45;0
24/07/2013 05:00;0
24/07/2013 05:15;0
24/07/2013 05:30;0
24/07/2013 05:45;0
24/07/2013 06:00;0
24/07/2013 06:15;0
24/07/2013 06:30;0
24/07/2013 06:45;0
24/07/2013 07:00;0
24/07/2013 07:15;0
24/07/2013 07:30;0
24/07/2013 07:45;0
24/07/2013 08:00;0
24/07/2013 08:15;0
24/07/2013 08:30;0
24/07/2013 08:45;0
24/07/2013 09:00;0
24/07/2013 09:15;0
24/07/2013 09:30;0
24/07/2013 09:45;0
24/07/2013 10:00;0
24/07/2013 10:15;0
24/07/2013 10:30;0
24/07/2013 10:45;0
24/07/2013 11:00;0
24/07/2013 11:15;0
24/07/2013 11:30;0
24/07/2013 11:45;0
24/07/2013 12:00;0
24/07/2013 12:15;0
24/07/2013 12:30;0
24/07/2013 12:45;0
24/07/2013 13:00;0
24/07/2013 13:15;0
24/07/2013 13:30;0
24/07/2013 13:45;0
24/07/2013 14:00;0
24/07/2013 14:15;0
24/07/2013 14:30;0
24/07/2013 14:45;0
24/07/2013 15:00;0
24/07/2013 15:15;0
24/07/2013 15:30;0
24/07/2013 15:45;0
24/07/2013 16:00;0
24/07/2013 16:15;0
24/07/2013 16:30;0
24/07/2013 16:45;0
24/07/2013 17:00;0
24/07/2013 17:15;0
24/07/2013 17:30;0
24/07/2013 17:45;0
24/07/2013 18:00;0
24/07/2013 18:15;0
24/07/2013 18:30;0
24/07/2013 18:45;0
24/07/2013 19:00;0
24/07/2013 19:15;0
24/07/2013 19:30;0
24/07/2013 19:45;0
24/07/2013 20:00;0
24/07/2013 20:15;0
24/07/2013 20:30;0
24/07/2013 20:45;0
24/07/2013 21:00;0
24/07/2013 21:15;0
24/07/2013 21:30;0
24/07/2013 21:45;0
24/07/2013 22:00;0
24/07/2013 22:15;0
24/07/2013 22:30;0
24/07/2013 22:45;0
24/07/2013 23:00;0
24/07/2013 23:15;0
24/07/2013 23:30;0
24/07/2013 23:45;0
25/07/2013 00:00;0
25/07/2013 00:15;0
25/07/2013 00:30;0
25/07/2013 00:45;0
25/07/2013 01:00;0
25/07/2013 01:15;0
25/07/2013 01:30;0
25/07/2013 01:45;0
25/07/2013 02:00;0
25/07/2013 02:15;0
25/07/2013 02:30;0
25/07/2013 02:45;0
25/07/2013 03:00;0
25/07/2013 03:15;0
25/07/2013 03:30;0
25/07/2013 03:45;0
25/07/2013 04:00;0
25/07/2013 04:15;0
25/07/2013 04:30;0
25/07/2013 04:45;0
25/07/2013 05:00;0
25/07/2013 05:15;0
25/07/2013 05:30;0
25/07/2013 05:45;0
25/07/2013 06:00;0
25/07/2013 06:15;0
25/07/2013 06:30;0
25/07/2013 06:45;0
25/07/2013 07:00;0
25/07/2013 07:15;0
25/07/2013 07:30;0
25/07/2013 07:45;0
25/07/2013 08:00;0
25/07/2013 08:15;0
25/07/2013 08:30;0
25/07/2013 08:45;0
25/07/2013 09:00;0
25/07/2013 09:15;0
25/07/2013 09:30;0
25/07/2013 09:45;0
25/07/2013 10:00;0
25/07/2013 10:15;0
25/07/2013 10:30;0
25/07/2013 10:45;0
25/07/2013 11:00;0
25/07/2013 11:15;0
25/07/2013 11:30;0
25/07/2013 11:45;0
25/07/2013 12:00;0
25/07/2013 12:15;0
25/07/2013 12:30;0
25/07/2013 12:45;0
25/07/2013 13:00;0
25/07/2013 13:15;0
25/07/2013 13:30;0
25/07/2013 13:45;0
25/07/2013 14:00;0
25/07/2013 14:15;0
25/07/2013 14:30;0
25/07/2013 14:45;0
25/07/2013 15:00;0
25/07/2013 15:15;0
25/07/2013 15:30;0
25/07/2013 15:45;0
25/07/2013 16:00;0
25/07/2013 16:15;0
25/07/2013 16:30;0
25/07/2013 16:45;0
25/07/2013 17:00;0
25/07/2013 17:15;0
25/07/2013 17:30;0
25/07/2013 17:45;0
25/07/2013 18:00;0
25/07/2013 18:15;0
25/07/2013 18:30;0
25/07/2013 18:45;0
25/07/2013 19:00;0
25/07/2013 19:15;0
25/07/2013 19:30;0
25/07/2013 19:45;0
25/07/2013 20:00;0
25/07/2013 20:15;0
25/07/2013 20:30;0
25/07/2013 20:45;0
25/07/2013 21:00;0
25/07/2013 21:15;0
25/07/2013 21:30;0
25/07/2013 21:45;0
25/07/2013 22:00;0
25/07/2013 22:15;0
25/07/2013 22:30;0
25/07/2013 22:45;0
25/07/2013 23:00;0
25/07/2013 23:15;0
25/07/2013 23:30;0
25/07/2013 23:45;0
26/07/2013 00:00;0
26/07/2013 00:15;0
26/07/2013 00:30;0
26/07/2013 00:45;0
26/07/2013 01:00;0
26/07/2013 01:15;0
26/07/2013 01:30;0
26/07/2013 01:45;0
26/07/2013 02:00;0
26/07/2013 02:15;0
26/07/2013 02:30;0
26/07/2013 02:45;0
26/07/2013 03:00;0
26/07/2013 03:15;0
26/07/2013 03:30;0
26/07/2013 03:45;0
26/07/2013 04:00;0
26/07/2013 04:15;0
26/07/2013 04:30;0
26/07/2013 04:45;0
26/07/2013 05:00;0
26/07/2013 05:15;0
26/07/2013 05:30;0
26/07/2013 05:45;0
26/07/2013 06:00;0
26/07/2013 06:15;0
26/07/2013 06:30;0
26/07/2013 06:45;0
26/07/2013 07:00;0
26/07/2013 07:15;0
26/07/2013 07:30;0
26/07/2013 07:45;0
26/07/2013 08:00;0
26/07/2013 08:15;0
26/07/2013 08:30;0
26/07/2013 08:45;0
26/07/2013 09:00;0
26/07/2013 09:15;0
26/07/2013 09:30;0
26/07/2013 09:45;0
26/07/2013 10:00;0
26/07/2013 10:15;0
26/07/2013 10:30;0
26/07/2013 10:45;0
26/07/2013 11:00;0
26/07/2013 11:15;0
26/07/2013 11:30;0
26/07/2013 11:45;0
26/07/2013 12:00;0
26/07/2013 12:15;0
26/07/2013 12:30;0
26/07/2013 12:45;0
26/07/2013 13:00;0
26/07/2013 13:15;0
26/07/2013 13:30;0
26/07/2013 13:45;0
26/07/2013 14:00;0
26/07/2013 14:15;0
26/07/2013 14:30;0
26/07/2013 14:45;0
26/07/2013 15:00;0
26/07/2013 15:15;0
26/07/2013 15:30;0
26/07/2013 15:45;0
26/07/2013 16:00;0
26/07/2013 16:15;0
26/07/2013 16:30;0
26/07/2013 16:45;0
26/07/2013 17:00;0
26/07/2013 17:15;0
26/07/2013 17:30;0
26/07/2013 17:45;0
26/07/2013 18:00;0
26/07/2013 18:15;0
26/07/2013 18:30;0
26/07/2013 18:45;0
26/07/2013 19:00;0
26/07/2013 19:15;0
26/07/2013 19:30;0
26/07/2013 19:45;0
26/07/2013 20:00;0
26/07/2013 20:15;0
26/07/2013 20:30;0
26/07/2013 20:45;0
26/07/2013 21:00;0
26/07/2013 21:15;0
26/07/2013 21:30;0
26/07/2013 21:45;0
26/07/2013 22:00;0
26/07/2013 22:15;0
26/07/2013 22:30;0
26/07/2013 22:45;0
26/07/2013 23:00;0
26/07/2013 23:15;0
26/07/2013 23:30;0
26/07/2013 23:45;0
27/07/2013 00:00;0
27/07/2013 00:15;0
27/07/2013 00:30;0
27/07/2013 00:45;0
27/07/2013 01:00;0
27/07/2013 01:15;0
27/07/2013 01:30;0
27/07/2013 01:45;0
27/07/2013 02:00;0
27/07/2013 02:15;0
27/07/2013 02:30;0
27/07/2013 02:45;0
27/07/2013 03:00;0
27/07/2013 03:15;0
27/07/2013 03:30;0
27/07/2013 03:45;0
27/07/2013 04:00;0
27/07/2013 04:15;0
27/07/2013 04:30;0
27/07/2013 04:45;0
27/07/2013 05:00;0
27/07/2013 05:15;0
27/07/2013 05:30;0
27/07/2013 05:45;0
27/07/2013 06:00;0
27/07/2013 06:15;0
27/07/2013 06:30;0
27/07/2013 06:45;0
27/07/2013 07:00;0
27/07/2013 07:15;0
27/07/2013 07:30;0
27/07/2013 07:45;0
27/07/2013 08:00;0
27/07/2013 08:15;0
27/07/2013 08:30;0
27/07/2013 08:45;0
27/07/2013 09:00;0
27/07/2013 09:15;0
27/07/2013 09:30;0
27/07/2013 09:45;0
27/07/2013 10:00;0
27/07/2013 10:15;0
27/07/2013 10:30;0
27/07/2013 10:45;0
27/07/2013 11:00;0
27/07/2013 11:15;0
27/07/2013 11:30;0
27/07/2013 11:45;0
27/07/2013 12:00;0
27/07/2013 12:15;0
27/07/2013 12:30;0
27/07/2013 12:45;0
27/07/2013 13:00;0
27/07/2013 13:15;0
27/07/2013 13:30;0
27/07/2013 13:45;0
27/07/2013 14:00;0
27/07/2013 14:15;0
27/07/2013 14:30;0
27/07/2013 14:45;0
27/07/2013 15:00;0
27/07/2013 15:15;0
27/07/2013 15:30;0
27/07/2013 15:45;0
27/07/2013 16:00;0
27/07/2013 16:15;0
27/07/2013 16:30;0
27/07/2013 16:45;0
27/07/2013 17:00;0
27/07/2013 17:15;0
27/07/2013 17:30;0
27/07/2013 17:45;0
27/07/2013 18:00;0
27/07/2013 18:15;0
27/07/2013 18:30;0
27/07/2013 18:45;0
27/07/2013 19:00;0
27/07/2013 19:15;0
27/07/2013 19:30;0
27/07/2013 19:45;0
27/07/2013 20:00;0
27/07/2013 20:15;0
27/07/2013 20:30;0
27/07/2013 20:45;0
27/07/2013 21:00;0
27/07/2013 21:15;0
27/07/2013 21:30;0
27/07/2013 21:45;0
27/07/2013 22:00;0
27/07/2013 22:15;0
27/07/2013 22:30;0
27/07/2013 22:45;0
27/07/2013 23:00;0
27/07/2013 23:15;0
27/07/2013 23:30;0
27/07/2013 23:45;0
28/07/2013 00:00;0
28/07/2013 00:15;0.191202248322247
28/07/2013 00:30;0
28/07/2013 00:45;0
28/07/2013 01:00;0
28/07/2013 01:15;0
28/07/2013 01:30;0
28/07/2013 01:45;0
28/07/2013 02:00;0
28/07/2013 02:15;0
28/07/2013 02:30;0
28/07/2013 02:45;0
28/07/2013 03:00;0
28/07/2013 03:15;0
28/07/2013 03:30;0
28/07/2013 03:45;0
28/07/2013 04:00;0
28/07/2013 04:15;0
28/07/2013 04:30;0
28/07/2013 04:45;0
28/07/2013 05:00;0
28/07/2013 05:15;0
28/07/2013 05:30;0
28/07/2013 05:45;0
28/07/2013 06:00;0
28/07/2013 06:15;0
28/07/2013 06:30;0
28/07/2013 06:45;0
28/07/2013 07:00;0
28/07/2013 07:15;0
28/07/2013 07:30;0
28/07/2013 07:45;0
28/07/2013 08:00;0
28/07/2013 08:15;0
28/07/2013 08:30;0
28/07/2013 08:45;0
28/07/2013 09:00;0
28/07/2013 09:15;0
28/07/2013 09:30;0
28/07/2013 09:45;0
28/07/2013 10:00;0
28/07/2013 10:15;0
28/07/2013 10:30;0
28/07/2013 10:45;0
28/07/2013 11:00;0
28/07/2013 11:15;0
28/07/2013 11:30;0
28/07/2013 11:45;0
28/07/2013 12:00;0
28/07/2013 12:15;0
28/07/2013 12:30;0
28/07/2013 12:45;0
28/07/2013 13:00;0
28/07/2013 13:15;0
28/07/2013 13:30;0
28/07/2013 13:45;0
28/07/2013 14:00;0
28/07/2013 14:15;0
28/07/2013 14:30;0
28/07/2013 14:45;0
28/07/2013 15:00;0
28/07/2013 15:15;0
28/07/2013 15:30;0
28/07/2013 15:45;0
28/07/2013 16:00;0
28/07/2013 16:15;0
28/07/2013 16:30;0
28/07/2013 16:45;0
28/07/2013 17:00;0
28/07/2013 17:15;0
28/07/2013 17:30;0
28/07/2013 17:45;0
28/07/2013 18:00;0
28/07/2013 18:15;0
28/07/2013 18:30;0
28/07/2013 18:45;0
28/07/2013 19:00;0
28/07/2013 19:15;0
28/07/2013 19:30;0
28/07/2013 19:45;0
28/07/2013 20:00;0
28/07/2013 20:15;0
28/07/2013 20:30;0
28/07/2013 20:45;0
28/07/2013 21:00;0
28/07/2013 21:15;0
28/07/2013 21:30;0
28/07/2013 21:45;0
28/07/2013 22:00;0
28/07/2013 22:15;0
28/07/2013 22:30;0
28/07/2013 22:45;0
28/07/2013 23:00;0
28/07/2013 23:15;0
28/07/2013 23:30;0
28/07/2013 23:45;0
29/07/2013 00:00;0
29/07/2013 00:15;0
29/07/2013 00:30;0
29/07/2013 00:45;0
29/07/2013 01:00;0
29/07/2013 01:15;0
29/07/2013 01:30;0
29/07/2013 01:45;0
29/07/2013 02:00;0
29/07/2013 02:15;0
29/07/2013 02:30;0
29/07/2013 02:45;0
29/07/2013 03:00;0
29/07/2013 03:15;0.0407683139258443
29/07/2013 03:30;0.0844721358636744
29/07/2013 03:45;0.255897308601241
29/07/2013 04:00;0.110976514979542
29/07/2013 04:15;0
29/07/2013 04:30;0
29/07/2013 04:45;0
29/07/2013 05:00;0.0912022468321304
29/07/2013 05:15;5.26812111093307
29/07/2013 05:30;5.41551102233414
29/07/2013 05:45;1.44854560846382
29/07/2013 06:00;0.421284195099192
29/07/2013 06:15;0.379175417682259
29/07/2013 06:30;0.395742266446965
29/07/2013 06:45;0.923891769901702
29/07/2013 07:00;0.351865694262434
29/07/2013 07:15;0.386264404439734
29/07/2013 07:30;0.0972919156905981
29/07/2013 07:45;0.074584078154242
29/07/2013 08:00;0.0432094463643423
29/07/2013 08:15;0
29/07/2013 08:30;0
29/07/2013 08:45;0
29/07/2013 09:00;0
29/07/2013 09:15;0
29/07/2013 09:30;0
29/07/2013 09:45;0
29/07/2013 10:00;0
29/07/2013 10:15;0
29/07/2013 10:30;0
29/07/2013 10:45;0
29/07/2013 11:00;0
29/07/2013 11:15;0
29/07/2013 11:30;0
29/07/2013 11:45;0
29/07/2013 12:00;0
29/07/2013 12:15;0
29/07/2013 12:30;0
29/07/2013 12:45;0
29/07/2013 13:00;0
29/07/2013 13:15;0
29/07/2013 13:30;0
29/07/2013 13:45;0
29/07/2013 14:00;0
29/07/2013 14:15;0
29/07/2013 14:30;0
29/07/2013 14:45;0
29/07/2013 15:00;0
29/07/2013 15:15;0
29/07/2013 15:30;0
29/07/2013 15:45;0
29/07/2013 16:00;0
29/07/2013 16:15;0
29/07/2013 16:30;0
29/07/2013 16:45;0
29/07/2013 17:00;0
29/07/2013 17:15;0
29/07/2013 17:30;0
29/07/2013 17:45;0
29/07/2013 18:00;0
29/07/2013 18:15;0
29/07/2013 18:30;0
29/07/2013 18:45;0
29/07/2013 19:00;0
29/07/2013 19:15;0
29/07/2013 19:30;0
29/07/2013 19:45;0
29/07/2013 20:00;0
29/07/2013 20:15;0
29/07/2013 20:30;0
29/07/2013 20:45;0
29/07/2013 21:00;0
29/07/2013 21:15;0
29/07/2013 21:30;0
29/07/2013 21:45;0
29/07/2013 22:00;0
29/07/2013 22:15;0
29/07/2013 22:30;0
29/07/2013 22:45;0
29/07/2013 23:00;0
29/07/2013 23:15;0
29/07/2013 23:30;0
29/07/2013 23:45;0
30/07/2013 00:00;0
30/07/2013 00:15;0
30/07/2013 00:30;0
30/07/2013 00:45;0
30/07/2013 01:00;0
30/07/2013 01:15;0
30/07/2013 01:30;0
30/07/2013 01:45;0
30/07/2013 02:00;0
30/07/2013 02:15;0
30/07/2013 02:30;0
30/07/2013 02:45;0
30/07/2013 03:00;0
30/07/2013 03:15;0
30/07/2013 03:30;0
30/07/2013 03:45;0
30/07/2013 04:00;0
30/07/2013 04:15;0
30/07/2013 04:30;0
30/07/2013 04:45;0
30/07/2013 05:00;0
30/07/2013 05:15;0
30/07/2013 05:30;0
30/07/2013 05:45;0
30/07/2013 06:00;0
30/07/2013 06:15;0
30/07/2013 06:30;0
30/07/2013 06:45;0
30/07/2013 07:00;0
30/07/2013 07:15;0
30/07/2013 07:30;0
30/07/2013 07:45;0
30/07/2013 08:00;0
30/07/2013 08:15;0
30/07/2013 08:30;0
30/07/2013 08:45;0
30/07/2013 09:00;0
30/07/2013 09:15;0
30/07/2013 09:30;0
30/07/2013 09:45;0
30/07/2013 10:00;0
30/07/2013 10:15;0
30/07/2013 10:30;0
30/07/2013 10:45;0
30/07/2013 11:00;0
30/07/2013 11:15;0
30/07/2013 11:30;0
30/07/2013 11:45;0
30/07/2013 12:00;0
30/07/2013 12:15;0
30/07/2013 12:30;0
30/07/2013 12:45;0
30/07/2013 13:00;0
30/07/2013 13:15;0
30/07/2013 13:30;0
30/07/2013 13:45;0
30/07/2013 14:00;0
30/07/2013 14:15;0
30/07/2013 14:30;0
30/07/2013 14:45;0
30/07/2013 15:00;0
30/07/2013 15:15;0
30/07/2013 15:30;0
30/07/2013 15:45;0
30/07/2013 16:00;0
30/07/2013 16:15;0
30/07/2013 16:30;0
30/07/2013 16:45;0
30/07/2013 17:00;0
30/07/2013 17:15;0
30/07/2013 17:30;0
30/07/2013 17:45;0
30/07/2013 18:00;0
30/07/2013 18:15;0
30/07/2013 18:30;0
30/07/2013 18:45;0
30/07/2013 19:00;0
30/07/2013 19:15;0
30/07/2013 19:30;0
30/07/2013 19:45;0
30/07/2013 20:00;0
30/07/2013 20:15;0
30/07/2013 20:30;0
30/07/2013 20:45;0
30/07/2013 21:00;0
30/07/2013 21:15;0
30/07/2013 21:30;0
30/07/2013 21:45;0
30/07/2013 22:00;0
30/07/2013 22:15;0
30/07/2013 22:30;0
30/07/2013 22:45;0
30/07/2013 23:00;0
30/07/2013 23:15;0
30/07/2013 23:30;0
30/07/2013 23:45;0
31/07/2013 00:00;0
31/07/2013 00:15;0
31/07/2013 00:30;0
31/07/2013 00:45;0
31/07/2013 01:00;0
31/07/2013 01:15;0
31/07/2013 01:30;0
31/07/2013 01:45;0
31/07/2013 02:00;0
31/07/2013 02:15;0
31/07/2013 02:30;0
31/07/2013 02:45;0
31/07/2013 03:00;0
31/07/2013 03:15;0
31/07/2013 03:30;0
31/07/2013 03:45;0
31/07/2013 04:00;0
31/07/2013 04:15;0
31/07/2013 04:30;0
31/07/2013 04:45;0
31/07/2013 05:00;0
31/07/2013 05:15;0
31/07/2013 05:30;0
31/07/2013 05:45;0
31/07/2013 06:00;0
31/07/2013 06:15;0
31/07/2013 06:30;0
31/07/2013 06:45;0
31/07/2013 07:00;0
31/07/2013 07:15;0
31/07/2013 07:30;0
31/07/2013 07:45;0
31/07/2013 08:00;0
31/07/2013 08:15;0
31/07/2013 08:30;0
31/07/2013 08:45;0
31/07/2013 09:00;0
31/07/2013 09:15;0
31/07/2013 09:30;0
31/07/2013 09:45;0
31/07/2013 10:00;0
31/07/2013 10:15;0
31/07/2013 10:30;0
31/07/2013 10:45;0
31/07/2013 11:00;0
31/07/2013 11:15;0
31/07/2013 11:30;0
31/07/2013 11:45;0
31/07/2013 12:00;0
31/07/2013 12:15;0
31/07/2013 12:30;0
31/07/2013 12:45;0
31/07/2013 13:00;0
31/07/2013 13:15;0
31/07/2013 13:30;0
31/07/2013 13:45;0
31/07/2013 14:00;0
31/07/2013 14:15;0
31/07/2013 14:30;0
31/07/2013 14:45;0
31/07/2013 15:00;0
31/07/2013 15:15;0
31/07/2013 15:30;0
31/07/2013 15:45;0
31/07/2013 16:00;0
31/07/2013 16:15;0
31/07/2013 16:30;0
31/07/2013 16:45;0
31/07/2013 17:00;0
31/07/2013 17:15;0
31/07/2013 17:30;0
31/07/2013 17:45;0
31/07/2013 18:00;0
31/07/2013 18:15;0
31/07/2013 18:30;0
31/07/2013 18:45;0
31/07/2013 19:00;0
31/07/2013 19:15;0
31/07/2013 19:30;0
31/07/2013 19:45;0
31/07/2013 20:00;0
31/07/2013 20:15;0
31/07/2013 20:30;0
31/07/2013 20:45;0
31/07/2013 21:00;0
31/07/2013 21:15;0
31/07/2013 21:30;0
31/07/2013 21:45;0
31/07/2013 22:00;0
31/07/2013 22:15;0
31/07/2013 22:30;0
31/07/2013 22:45;0
31/07/2013 23:00;0
31/07/2013 23:15;0
31/07/2013 23:30;0
31/07/2013 23:45;0
01/10/2016 00:00;0
01/10/2016 00:15;0
01/10/2016 00:30;0
01/10/2016 00:45;0
01/10/2016 01:00;0
01/10/2016 01:15;0
01/10/2016 01:30;0
01/10/2016 01:45;0
01/10/2016 02:00;0
01/10/2016 02:15;0
01/10/2016 02:30;0
01/10/2016 02:45;0
01/10/2016 03:00;0
01/10/2016 03:15;0
01/10/2016 03:30;0
01/10/2016 03:45;0
01/10/2016 04:00;0
01/10/2016 04:15;0
01/10/2016 04:30;0
01/10/2016 04:45;0
01/10/2016 05:00;0
01/10/2016 05:15;0
01/10/2016 05:30;0
01/10/2016 05:45;0
01/10/2016 06:00;0
01/10/2016 06:15;0.0018807890846376
01/10/2016 06:30;0.0018807890846376
01/10/2016 06:45;0.0018807890846376
01/10/2016 07:00;0.0018807890846376
01/10/2016 07:15;0.144730306914339
01/10/2016 07:30;0.0529065462601496
01/10/2016 07:45;0.364902148158578
01/10/2016 08:00;0.466403460685694
01/10/2016 08:15;0.156258214987425
01/10/2016 08:30;0
01/10/2016 08:45;0.0512649472158696
01/10/2016 09:00;0
01/10/2016 09:15;0
01/10/2016 09:30;0
01/10/2016 09:45;0
01/10/2016 10:00;0
01/10/2016 10:15;0.160254917341597
01/10/2016 10:30;0.209900271640097
01/10/2016 10:45;0.228945293675463
01/10/2016 11:00;0.184578605893045
01/10/2016 11:15;0.36876831926046
01/10/2016 11:30;0.380733266067269
01/10/2016 11:45;0.062856294600002
01/10/2016 12:00;0.0965278658648603
01/10/2016 12:15;0.235292679791488
01/10/2016 12:30;0.465701587107572
01/10/2016 12:45;0.912450139725773
01/10/2016 13:00;0.579944447737128
01/10/2016 13:15;0.797531012440376
01/10/2016 13:30;0.202468987559624
01/10/2016 13:45;0
01/10/2016 14:00;0
01/10/2016 14:15;0
01/10/2016 14:30;0
01/10/2016 14:45;0
01/10/2016 15:00;0
01/10/2016 15:15;0
01/10/2016 15:30;0
01/10/2016 15:45;0
01/10/2016 16:00;0
01/10/2016 16:15;0
01/10/2016 16:30;0
01/10/2016 16:45;0
01/10/2016 17:00;0
01/10/2016 17:15;0
01/10/2016 17:30;0
01/10/2016 17:45;0
01/10/2016 18:00;0
01/10/2016 18:15;0
01/10/2016 18:30;0
01/10/2016 18:45;0
01/10/2016 19:00;0
01/10/2016 19:15;0
01/10/2016 19:30;0
01/10/2016 19:45;0
01/10/2016 20:00;0
01/10/2016 20:15;0
01/10/2016 20:30;0
01/10/2016 20:45;0
01/10/2016 21:00;0
01/10/2016 21:15;0
01/10/2016 21:30;0
01/10/2016 21:45;0
01/10/2016 22:00;0
01/10/2016 22:15;0
01/10/2016 22:30;0
01/10/2016 22:45;0
01/10/2016 23:00;0
01/10/2016 23:15;0
01/10/2016 23:30;0
01/10/2016 23:45;0
02/10/2016 00:00;0
02/10/2016 00:15;0
02/10/2016 00:30;0
02/10/2016 00:45;0
02/10/2016 01:00;0
02/10/2016 01:15;0
02/10/2016 01:30;0
02/10/2016 01:45;0
02/10/2016 02:00;0
02/10/2016 02:15;0
02/10/2016 02:30;0
02/10/2016 02:45;0
02/10/2016 03:00;0
02/10/2016 03:15;0
02/10/2016 03:30;0
02/10/2016 03:45;0
02/10/2016 04:00;0
02/10/2016 04:15;0
02/10/2016 04:30;0
02/10/2016 04:45;0
02/10/2016 05:00;0
02/10/2016 05:15;0
02/10/2016 05:30;0
02/10/2016 05:45;0
02/10/2016 06:00;0
02/10/2016 06:15;0
02/10/2016 06:30;0
02/10/2016 06:45;0
02/10/2016 07:00;0
02/10/2016 07:15;0
02/10/2016 07:30;0
02/10/2016 07:45;0
02/10/2016 08:00;0
02/10/2016 08:15;0
02/10/2016 08:30;0
02/10/2016 08:45;0
02/10/2016 09:00;0
02/10/2016 09:15;0
02/10/2016 09:30;0
02/10/2016 09:45;0
02/10/2016 10:00;0
02/10/2016 10:15;0
02/10/2016 10:30;0
02/10/2016 10:45;0
02/10/2016 11:00;0
02/10/2016 11:15;0
02/10/2016 11:30;0
02/10/2016 11:45;0
02/10/2016 12:00;0
02/10/2016 12:15;0
02/10/2016 12:30;0
02/10/2016 12:45;0
02/10/2016 13:00;0
02/10/2016 13:15;0
02/10/2016 13:30;0
02/10/2016 13:45;0
02/10/2016 14:00;0
02/10/2016 14:15;0
02/10/2016 14:30;0
02/10/2016 14:45;0
02/10/2016 15:00;0
02/10/2016 15:15;0
02/10/2016 15:30;0
02/10/2016 15:45;0
02/10/2016 16:00;0
02/10/2016 16:15;0
02/10/2016 16:30;0
02/10/2016 16:45;0
02/10/2016 17:00;0
02/10/2016 17:15;0
02/10/2016 17:30;0
02/10/2016 17:45;0
02/10/2016 18:00;0
02/10/2016 18:15;0
02/10/2016 18:30;0
02/10/2016 18:45;0
02/10/2016 19:00;0
02/10/2016 19:15;0
02/10/2016 19:30;0
02/10/2016 19:45;0
02/10/2016 20:00;0
02/10/2016 20:15;0
02/10/2016 20:30;0
02/10/2016 20:45;0
02/10/2016 21:00;0
02/10/2016 21:15;0
02/10/2016 21:30;0
02/10/2016 21:45;0
02/10/2016 22:00;0
02/10/2016 22:15;0
02/10/2016 22:30;0
02/10/2016 22:45;0
02/10/2016 23:00;0
02/10/2016 23:15;0
02/10/2016 23:30;0
02/10/2016 23:45;0
03/10/2016 00:00;0
03/10/2016 00:15;0
03/10/2016 00:30;0
03/10/2016 00:45;0
03/10/2016 01:00;0
03/10/2016 01:15;0
03/10/2016 01:30;0
03/10/2016 01:45;0
03/10/2016 02:00;0
03/10/2016 02:15;0
03/10/2016 02:30;0
03/10/2016 02:45;0
03/10/2016 03:00;0
03/10/2016 03:15;0
03/10/2016 03:30;0
03/10/2016 03:45;0
03/10/2016 04:00;0
03/10/2016 04:15;0
03/10/2016 04:30;0
03/10/2016 04:45;0
03/10/2016 05:00;0
03/10/2016 05:15;0
03/10/2016 05:30;0
03/10/2016 05:45;0
03/10/2016 06:00;0
03/10/2016 06:15;0
03/10/2016 06:30;0
03/10/2016 06:45;0
03/10/2016 07:00;0
03/10/2016 07:15;0
03/10/2016 07:30;0
03/10/2016 07:45;0
03/10/2016 08:00;0
03/10/2016 08:15;0
03/10/2016 08:30;0
03/10/2016 08:45;0
03/10/2016 09:00;0
03/10/2016 09:15;0
03/10/2016 09:30;0
03/10/2016 09:45;0
03/10/2016 10:00;0
03/10/2016 10:15;0
03/10/2016 10:30;0
03/10/2016 10:45;0
03/10/2016 11:00;0
03/10/2016 11:15;0
03/10/2016 11:30;0
03/10/2016 11:45;0
03/10/2016 12:00;0
03/10/2016 12:15;0
03/10/2016 12:30;0
03/10/2016 12:45;0
03/10/2016 13:00;0
03/10/2016 13:15;0
03/10/2016 13:30;0
03/10/2016 13:45;0
03/10/2016 14:00;0
03/10/2016 14:15;0
03/10/2016 14:30;0
03/10/2016 14:45;0
03/10/2016 15:00;0
03/10/2016 15:15;0
03/10/2016 15:30;0
03/10/2016 15:45;0
03/10/2016 16:00;0
03/10/2016 16:15;0
03/10/2016 16:30;0
03/10/2016 16:45;0
03/10/2016 17:00;0
03/10/2016 17:15;0
03/10/2016 17:30;0
03/10/2016 17:45;0
03/10/2016 18:00;0
03/10/2016 18:15;0
03/10/2016 18:30;0
03/10/2016 18:45;0
03/10/2016 19:00;0
03/10/2016 19:15;0
03/10/2016 19:30;0
03/10/2016 19:45;0
03/10/2016 20:00;0
03/10/2016 20:15;0
03/10/2016 20:30;0
03/10/2016 20:45;0
03/10/2016 21:00;0
03/10/2016 21:15;0
03/10/2016 21:30;0
03/10/2016 21:45;0
03/10/2016 22:00;0
03/10/2016 22:15;0
03/10/2016 22:30;0
03/10/2016 22:45;0
03/10/2016 23:00;0
03/10/2016 23:15;0
03/10/2016 23:30;0
03/10/2016 23:45;0
04/10/2016 00:00;0
04/10/2016 00:15;0
04/10/2016 00:30;0
04/10/2016 00:45;0
04/10/2016 01:00;0
04/10/2016 01:15;0
04/10/2016 01:30;0
04/10/2016 01:45;0
04/10/2016 02:00;0
04/10/2016 02:15;0
04/10/2016 02:30;0
04/10/2016 02:45;0
04/10/2016 03:00;0
04/10/2016 03:15;0
04/10/2016 03:30;0
04/10/2016 03:45;0
04/10/2016 04:00;0
04/10/2016 04:15;0
04/10/2016 04:30;0
04/10/2016 04:45;0
04/10/2016 05:00;0
04/10/2016 05:15;0
04/10/2016 05:30;0
04/10/2016 05:45;0
04/10/2016 06:00;0
04/10/2016 06:15;0
04/10/2016 06:30;0
04/10/2016 06:45;0
04/10/2016 07:00;0
04/10/2016 07:15;0
04/10/2016 07:30;0
04/10/2016 07:45;0
04/10/2016 08:00;0
04/10/2016 08:15;0
04/10/2016 08:30;0
04/10/2016 08:45;0
04/10/2016 09:00;0
04/10/2016 09:15;0
04/10/2016 09:30;0
04/10/2016 09:45;0
04/10/2016 10:00;0
04/10/2016 10:15;0
04/10/2016 10:30;0
04/10/2016 10:45;0
04/10/2016 11:00;0
04/10/2016 11:15;0
04/10/2016 11:30;0
04/10/2016 11:45;0
04/10/2016 12:00;0
04/10/2016 12:15;0
04/10/2016 12:30;0
04/10/2016 12:45;0
04/10/2016 13:00;0
04/10/2016 13:15;0
04/10/2016 13:30;0
04/10/2016 13:45;0
04/10/2016 14:00;0
04/10/2016 14:15;0
04/10/2016 14:30;0
04/10/2016 14:45;0
04/10/2016 15:00;0
04/10/2016 15:15;0
04/10/2016 15:30;0
04/10/2016 15:45;0
04/10/2016 16:00;0
04/10/2016 16:15;0
04/10/2016 16:30;0
04/10/2016 16:45;0
04/10/2016 17:00;0
04/10/2016 17:15;0
04/10/2016 17:30;0
04/10/2016 17:45;0
04/10/2016 18:00;0
04/10/2016 18:15;0
04/10/2016 18:30;0
04/10/2016 18:45;0
04/10/2016 19:00;0
04/10/2016 19:15;0
04/10/2016 19:30;0
04/10/2016 19:45;0
04/10/2016 20:00;0
04/10/2016 20:15;0
04/10/2016 20:30;0
04/10/2016 20:45;0
04/10/2016 21:00;0
04/10/2016 21:15;0
04/10/2016 21:30;0
04/10/2016 21:45;0
04/10/2016 22:00;0
04/10/2016 22:15;0
04/10/2016 22:30;0
04/10/2016 22:45;0
04/10/2016 23:00;0
04/10/2016 23:15;0
04/10/2016 23:30;0
04/10/2016 23:45;0
05/10/2016 00:00;0
05/10/2016 00:15;0
05/10/2016 00:30;0
05/10/2016 00:45;0
05/10/2016 01:00;0
05/10/2016 01:15;0
05/10/2016 01:30;0
05/10/2016 01:45;0
05/10/2016 02:00;0
05/10/2016 02:15;0
05/10/2016 02:30;0
05/10/2016 02:45;0
05/10/2016 03:00;0
05/10/2016 03:15;0
05/10/2016 03:30;0
05/10/2016 03:45;0
05/10/2016 04:00;0
05/10/2016 04:15;0
05/10/2016 04:30;0
05/10/2016 04:45;0
05/10/2016 05:00;0
05/10/2016 05:15;0
05/10/2016 05:30;0
05/10/2016 05:45;0
05/10/2016 06:00;0
05/10/2016 06:15;0
05/10/2016 06:30;0
05/10/2016 06:45;0
05/10/2016 07:00;0
05/10/2016 07:15;0
05/10/2016 07:30;0
05/10/2016 07:45;0
05/10/2016 08:00;0
05/10/2016 08:15;0
05/10/2016 08:30;0
05/10/2016 08:45;0
05/10/2016 09:00;0
05/10/2016 09:15;0
05/10/2016 09:30;0
05/10/2016 09:45;0
05/10/2016 10:00;0
05/10/2016 10:15;0
05/10/2016 10:30;0
05/10/2016 10:45;0
05/10/2016 11:00;0
05/10/2016 11:15;0
05/10/2016 11:30;0
05/10/2016 11:45;0
05/10/2016 12:00;0
05/10/2016 12:15;0
05/10/2016 12:30;0
05/10/2016 12:45;0
05/10/2016 13:00;0
05/10/2016 13:15;0
05/10/2016 13:30;0
05/10/2016 13:45;0
05/10/2016 14:00;0
05/10/2016 14:15;0
05/10/2016 14:30;0
05/10/2016 14:45;0
05/10/2016 15:00;0
05/10/2016 15:15;0
05/10/2016 15:30;0
05/10/2016 15:45;0
05/10/2016 16:00;0
05/10/2016 16:15;0
05/10/2016 16:30;0
05/10/2016 16:45;0
05/10/2016 17:00;0
05/10/2016 17:15;0
05/10/2016 17:30;0
05/10/2016 17:45;0
05/10/2016 18:00;0
05/10/2016 18:15;0
05/10/2016 18:30;0
05/10/2016 18:45;0
05/10/2016 19:00;0
05/10/2016 19:15;0
05/10/2016 19:30;0
05/10/2016 19:45;0
05/10/2016 20:00;0
05/10/2016 20:15;0
05/10/2016 20:30;0
05/10/2016 20:45;0
05/10/2016 21:00;0
05/10/2016 21:15;0
05/10/2016 21:30;0
05/10/2016 21:45;0
05/10/2016 22:00;0
05/10/2016 22:15;0
05/10/2016 22:30;0
05/10/2016 22:45;0
05/10/2016 23:00;0
05/10/2016 23:15;0
05/10/2016 23:30;0
05/10/2016 23:45;0
06/10/2016 00:00;0
06/10/2016 00:15;0
06/10/2016 00:30;0
06/10/2016 00:45;0
06/10/2016 01:00;0
06/10/2016 01:15;0
06/10/2016 01:30;0
06/10/2016 01:45;0
06/10/2016 02:00;0
06/10/2016 02:15;0
06/10/2016 02:30;0
06/10/2016 02:45;0
06/10/2016 03:00;0
06/10/2016 03:15;0
06/10/2016 03:30;0
06/10/2016 03:45;0
06/10/2016 04:00;0
06/10/2016 04:15;0
06/10/2016 04:30;0
06/10/2016 04:45;0
06/10/2016 05:00;0
06/10/2016 05:15;0
06/10/2016 05:30;0
06/10/2016 05:45;0
06/10/2016 06:00;0
06/10/2016 06:15;0
06/10/2016 06:30;0
06/10/2016 06:45;0
06/10/2016 07:00;0
06/10/2016 07:15;0
06/10/2016 07:30;0
06/10/2016 07:45;0
06/10/2016 08:00;0
06/10/2016 08:15;0
06/10/2016 08:30;0
06/10/2016 08:45;0
06/10/2016 09:00;0
06/10/2016 09:15;0
06/10/2016 09:30;0
06/10/2016 09:45;0
06/10/2016 10:00;0
06/10/2016 10:15;0
06/10/2016 10:30;0
06/10/2016 10:45;0
06/10/2016 11:00;0
06/10/2016 11:15;0
06/10/2016 11:30;0
06/10/2016 11:45;0
06/10/2016 12:00;0
06/10/2016 12:15;0
06/10/2016 12:30;0
06/10/2016 12:45;0
06/10/2016 13:00;0
06/10/2016 13:15;0
06/10/2016 13:30;0
06/10/2016 13:45;0
06/10/2016 14:00;0
06/10/2016 14:15;0
06/10/2016 14:30;0
06/10/2016 14:45;0
06/10/2016 15:00;0
06/10/2016 15:15;0
06/10/2016 15:30;0
06/10/2016 15:45;0
06/10/2016 16:00;0
06/10/2016 16:15;0
06/10/2016 16:30;0
06/10/2016 16:45;0
06/10/2016 17:00;0
06/10/2016 17:15;0
06/10/2016 17:30;0
06/10/2016 17:45;0
06/10/2016 18:00;0
06/10/2016 18:15;0
06/10/2016 18:30;0
06/10/2016 18:45;0
06/10/2016 19:00;0
06/10/2016 19:15;0
06/10/2016 19:30;0
06/10/2016 19:45;0
06/10/2016 20:00;0
06/10/2016 20:15;0
06/10/2016 20:30;0
06/10/2016 20:45;0
06/10/2016 21:00;0
06/10/2016 21:15;0
06/10/2016 21:30;0
06/10/2016 21:45;0
06/10/2016 22:00;0
06/10/2016 22:15;0
06/10/2016 22:30;0
06/10/2016 22:45;0
06/10/2016 23:00;0
06/10/2016 23:15;0
06/10/2016 23:30;0
06/10/2016 23:45;0
07/10/2016 00:00;0
07/10/2016 00:15;0
07/10/2016 00:30;0
07/10/2016 00:45;0
07/10/2016 01:00;0
07/10/2016 01:15;0
07/10/2016 01:30;0
07/10/2016 01:45;0
07/10/2016 02:00;0
07/10/2016 02:15;0
07/10/2016 02:30;0
07/10/2016 02:45;0
07/10/2016 03:00;0
07/10/2016 03:15;0
07/10/2016 03:30;0
07/10/2016 03:45;0
07/10/2016 04:00;0
07/10/2016 04:15;0
07/10/2016 04:30;0
07/10/2016 04:45;0
07/10/2016 05:00;0
07/10/2016 05:15;0
07/10/2016 05:30;0
07/10/2016 05:45;0
07/10/2016 06:00;0
07/10/2016 06:15;0
07/10/2016 06:30;0
07/10/2016 06:45;0
07/10/2016 07:00;0
07/10/2016 07:15;0
07/10/2016 07:30;0
07/10/2016 07:45;0
07/10/2016 08:00;0
07/10/2016 08:15;0
07/10/2016 08:30;0
07/10/2016 08:45;0
07/10/2016 09:00;0
07/10/2016 09:15;0
07/10/2016 09:30;0
07/10/2016 09:45;0
07/10/2016 10:00;0
07/10/2016 10:15;0
07/10/2016 10:30;0
07/10/2016 10:45;0
07/10/2016 11:00;0
07/10/2016 11:15;0
07/10/2016 11:30;0
07/10/2016 11:45;0
07/10/2016 12:00;0
07/10/2016 12:15;0
07/10/2016 12:30;0
07/10/2016 12:45;0
07/10/2016 13:00;0
07/10/2016 13:15;0
07/10/2016 13:30;0
07/10/2016 13:45;0
07/10/2016 14:00;0
07/10/2016 14:15;0
07/10/2016 14:30;0
07/10/2016 14:45;0
07/10/2016 15:00;0
07/10/2016 15:15;0
07/10/2016 15:30;0
07/10/2016 15:45;0
07/10/2016 16:00;0
07/10/2016 16:15;0
07/10/2016 16:30;0
07/10/2016 16:45;0
07/10/2016 17:00;0
07/10/2016 17:15;0
07/10/2016 17:30;0
07/10/2016 17:45;0
07/10/2016 18:00;0
07/10/2016 18:15;0
07/10/2016 18:30;0
07/10/2016 18:45;0
07/10/2016 19:00;0
07/10/2016 19:15;0
07/10/2016 19:30;0
07/10/2016 19:45;0
07/10/2016 20:00;0
07/10/2016 20:15;0
07/10/2016 20:30;0
07/10/2016 20:45;0
07/10/2016 21:00;0
07/10/2016 21:15;0
07/10/2016 21:30;0
07/10/2016 21:45;0
07/10/2016 22:00;0
07/10/2016 22:15;0
07/10/2016 22:30;0
07/10/2016 22:45;0
07/10/2016 23:00;0
07/10/2016 23:15;0
07/10/2016 23:30;0
07/10/2016 23:45;0
08/10/2016 00:00;0
08/10/2016 00:15;0
08/10/2016 00:30;0
08/10/2016 00:45;0
08/10/2016 01:00;0
08/10/2016 01:15;0
08/10/2016 01:30;0
08/10/2016 01:45;0
08/10/2016 02:00;0
08/10/2016 02:15;0
08/10/2016 02:30;0
08/10/2016 02:45;0
08/10/2016 03:00;0
08/10/2016 03:15;0
08/10/2016 03:30;0
08/10/2016 03:45;0
08/10/2016 04:00;0
08/10/2016 04:15;0
08/10/2016 04:30;0
08/10/2016 04:45;0
08/10/2016 05:00;0
08/10/2016 05:15;0
08/10/2016 05:30;0
08/10/2016 05:45;0
08/10/2016 06:00;0
08/10/2016 06:15;0
08/10/2016 06:30;0
08/10/2016 06:45;0
08/10/2016 07:00;0
08/10/2016 07:15;0
08/10/2016 07:30;0
08/10/2016 07:45;0
08/10/2016 08:00;0
08/10/2016 08:15;0
08/10/2016 08:30;0
08/10/2016 08:45;0
08/10/2016 09:00;0
08/10/2016 09:15;0
08/10/2016 09:30;0
08/10/2016 09:45;0
08/10/2016 10:00;0
08/10/2016 10:15;0
08/10/2016 10:30;0
08/10/2016 10:45;0
08/10/2016 11:00;0
08/10/2016 11:15;0
08/10/2016 11:30;0
08/10/2016 11:45;0
08/10/2016 12:00;0
08/10/2016 12:15;0
08/10/2016 12:30;0
08/10/2016 12:45;0
08/10/2016 13:00;0
08/10/2016 13:15;0
08/10/2016 13:30;0
08/10/2016 13:45;0
08/10/2016 14:00;0
08/10/2016 14:15;0
08/10/2016 14:30;0
08/10/2016 14:45;0
08/10/2016 15:00;0
08/10/2016 15:15;0
08/10/2016 15:30;0
08/10/2016 15:45;0
08/10/2016 16:00;0
08/10/2016 16:15;0
08/10/2016 16:30;0
08/10/2016 16:45;0
08/10/2016 17:00;0
08/10/2016 17:15;0
08/10/2016 17:30;0
08/10/2016 17:45;0
08/10/2016 18:00;0
08/10/2016 18:15;0
08/10/2016 18:30;0
08/10/2016 18:45;0
08/10/2016 19:00;0
08/10/2016 19:15;0
08/10/2016 19:30;0
08/10/2016 19:45;0
08/10/2016 20:00;0
08/10/2016 20:15;0
08/10/2016 20:30;0
08/10/2016 20:45;0
08/10/2016 21:00;0
08/10/2016 21:15;0
08/10/2016 21:30;0
08/10/2016 21:45;0
08/10/2016 22:00;0
08/10/2016 22:15;0
08/10/2016 22:30;0
08/10/2016 22:45;0
08/10/2016 23:00;0
08/10/2016 23:15;0
08/10/2016 23:30;0
08/10/2016 23:45;0
09/10/2016 00:00;0
09/10/2016 00:15;0
09/10/2016 00:30;0
09/10/2016 00:45;0
09/10/2016 01:00;0
09/10/2016 01:15;0
09/10/2016 01:30;0
09/10/2016 01:45;0
09/10/2016 02:00;0
09/10/2016 02:15;0
09/10/2016 02:30;0
09/10/2016 02:45;0
09/10/2016 03:00;0
09/10/2016 03:15;0
09/10/2016 03:30;0
09/10/2016 03:45;0
09/10/2016 04:00;0
09/10/2016 04:15;0
09/10/2016 04:30;0
09/10/2016 04:45;0
09/10/2016 05:00;0
09/10/2016 05:15;0
09/10/2016 05:30;0
09/10/2016 05:45;0
09/10/2016 06:00;0
09/10/2016 06:15;0
09/10/2016 06:30;0
09/10/2016 06:45;0
09/10/2016 07:00;0
09/10/2016 07:15;0
09/10/2016 07:30;0
09/10/2016 07:45;0
09/10/2016 08:00;0
09/10/2016 08:15;0
09/10/2016 08:30;0
09/10/2016 08:45;0
09/10/2016 09:00;0
09/10/2016 09:15;0
09/10/2016 09:30;0
09/10/2016 09:45;0
09/10/2016 10:00;0
09/10/2016 10:15;0
09/10/2016 10:30;0
09/10/2016 10:45;0
09/10/2016 11:00;0
09/10/2016 11:15;0
09/10/2016 11:30;0
09/10/2016 11:45;0
09/10/2016 12:00;0
09/10/2016 12:15;0
09/10/2016 12:30;0
09/10/2016 12:45;0
09/10/2016 13:00;0
09/10/2016 13:15;0
09/10/2016 13:30;0
09/10/2016 13:45;0
09/10/2016 14:00;0
09/10/2016 14:15;0
09/10/2016 14:30;0
09/10/2016 14:45;0
09/10/2016 15:00;0
09/10/2016 15:15;0
09/10/2016 15:30;0
09/10/2016 15:45;0
09/10/2016 16:00;0
09/10/2016 16:15;0
09/10/2016 16:30;0
09/10/2016 16:45;0
09/10/2016 17:00;0
09/10/2016 17:15;0
09/10/2016 17:30;0
09/10/2016 17:45;0
09/10/2016 18:00;0
09/10/2016 18:15;0
09/10/2016 18:30;0
09/10/2016 18:45;0
09/10/2016 19:00;0
09/10/2016 19:15;0
09/10/2016 19:30;0
09/10/2016 19:45;0
09/10/2016 20:00;0
09/10/2016 20:15;0
09/10/2016 20:30;0
09/10/2016 20:45;0
09/10/2016 21:00;0
09/10/2016 21:15;0
09/10/2016 21:30;0
09/10/2016 21:45;0
09/10/2016 22:00;0
09/10/2016 22:15;0
09/10/2016 22:30;0
09/10/2016 22:45;0
09/10/2016 23:00;0
09/10/2016 23:15;0
09/10/2016 23:30;0
09/10/2016 23:45;0
10/10/2016 00:00;0
10/10/2016 00:15;0
10/10/2016 00:30;0
10/10/2016 00:45;0
10/10/2016 01:00;0
10/10/2016 01:15;0
10/10/2016 01:30;0
10/10/2016 01:45;0
10/10/2016 02:00;0
10/10/2016 02:15;0
10/10/2016 02:30;0
10/10/2016 02:45;0
10/10/2016 03:00;0
10/10/2016 03:15;0
10/10/2016 03:30;0
10/10/2016 03:45;0
10/10/2016 04:00;0
10/10/2016 04:15;0
10/10/2016 04:30;0
10/10/2016 04:45;0
10/10/2016 05:00;0
10/10/2016 05:15;0
10/10/2016 05:30;0
10/10/2016 05:45;0
10/10/2016 06:00;0
10/10/2016 06:15;0
10/10/2016 06:30;0
10/10/2016 06:45;0
10/10/2016 07:00;0
10/10/2016 07:15;0
10/10/2016 07:30;0
10/10/2016 07:45;0
10/10/2016 08:00;0
10/10/2016 08:15;0
10/10/2016 08:30;0
10/10/2016 08:45;0
10/10/2016 09:00;0
10/10/2016 09:15;0
10/10/2016 09:30;0
10/10/2016 09:45;0
10/10/2016 10:00;0
10/10/2016 10:15;0
10/10/2016 10:30;0
10/10/2016 10:45;0
10/10/2016 11:00;0
10/10/2016 11:15;0
10/10/2016 11:30;0
10/10/2016 11:45;0
10/10/2016 12:00;0
10/10/2016 12:15;0
10/10/2016 12:30;0
10/10/2016 12:45;0
10/10/2016 13:00;0
10/10/2016 13:15;0
10/10/2016 13:30;0
10/10/2016 13:45;0
10/10/2016 14:00;0
10/10/2016 14:15;0
10/10/2016 14:30;0
10/10/2016 14:45;0
10/10/2016 15:00;0
10/10/2016 15:15;0
10/10/2016 15:30;0
10/10/2016 15:45;0
10/10/2016 16:00;0
10/10/2016 16:15;0
10/10/2016 16:30;0
10/10/2016 16:45;0
10/10/2016 17:00;0
10/10/2016 17:15;0
10/10/2016 17:30;0
10/10/2016 17:45;0
10/10/2016 18:00;0
10/10/2016 18:15;0
10/10/2016 18:30;0
10/10/2016 18:45;0
10/10/2016 19:00;0
10/10/2016 19:15;0
10/10/2016 19:30;0
10/10/2016 19:45;0
10/10/2016 20:00;0
10/10/2016 20:15;0
10/10/2016 20:30;0
10/10/2016 20:45;0
10/10/2016 21:00;0
10/10/2016 21:15;0
10/10/2016 21:30;0
10/10/2016 21:45;0
10/10/2016 22:00;0
10/10/2016 22:15;0
10/10/2016 22:30;0
10/10/2016 22:45;0
10/10/2016 23:00;0
10/10/2016 23:15;0
10/10/2016 23:30;0
10/10/2016 23:45;0
11/10/2016 00:00;0
11/10/2016 00:15;0
11/10/2016 00:30;0
11/10/2016 00:45;0
11/10/2016 01:00;0
11/10/2016 01:15;0
11/10/2016 01:30;0
11/10/2016 01:45;0
11/10/2016 02:00;0
11/10/2016 02:15;0
11/10/2016 02:30;0
11/10/2016 02:45;0
11/10/2016 03:00;0
11/10/2016 03:15;0
11/10/2016 03:30;0
11/10/2016 03:45;0
11/10/2016 04:00;0
11/10/2016 04:15;0
11/10/2016 04:30;0
11/10/2016 04:45;0
11/10/2016 05:00;0
11/10/2016 05:15;0
11/10/2016 05:30;0.00564236739404251
11/10/2016 05:45;0.0018807890846376
11/10/2016 06:00;0
11/10/2016 06:15;0
11/10/2016 06:30;0
11/10/2016 06:45;0
11/10/2016 07:00;0
11/10/2016 07:15;0
11/10/2016 07:30;0
11/10/2016 07:45;0
11/10/2016 08:00;0
11/10/2016 08:15;0
11/10/2016 08:30;0
11/10/2016 08:45;0
11/10/2016 09:00;0
11/10/2016 09:15;0
11/10/2016 09:30;0
11/10/2016 09:45;0
11/10/2016 10:00;0
11/10/2016 10:15;0
11/10/2016 10:30;0
11/10/2016 10:45;0
11/10/2016 11:00;0
11/10/2016 11:15;0
11/10/2016 11:30;0
11/10/2016 11:45;0
11/10/2016 12:00;0
11/10/2016 12:15;0
11/10/2016 12:30;0
11/10/2016 12:45;0
11/10/2016 13:00;0
11/10/2016 13:15;0
11/10/2016 13:30;0
11/10/2016 13:45;0
11/10/2016 14:00;0
11/10/2016 14:15;0
11/10/2016 14:30;0
11/10/2016 14:45;0
11/10/2016 15:00;0
11/10/2016 15:15;0
11/10/2016 15:30;0
11/10/2016 15:45;0
11/10/2016 16:00;0
11/10/2016 16:15;0
11/10/2016 16:30;0
11/10/2016 16:45;0
11/10/2016 17:00;0
11/10/2016 17:15;0
11/10/2016 17:30;0
11/10/2016 17:45;0
11/10/2016 18:00;0
11/10/2016 18:15;0
11/10/2016 18:30;0
11/10/2016 18:45;0
11/10/2016 19:00;0
11/10/2016 19:15;0
11/10/2016 19:30;0
11/10/2016 19:45;0
11/10/2016 20:00;0
11/10/2016 20:15;0
11/10/2016 20:30;0
11/10/2016 20:45;0
11/10/2016 21:00;0
11/10/2016 21:15;0
11/10/2016 21:30;0
11/10/2016 21:45;0
11/10/2016 22:00;0
11/10/2016 22:15;0
11/10/2016 22:30;0
11/10/2016 22:45;0
11/10/2016 23:00;0
11/10/2016 23:15;0
11/10/2016 23:30;0
11/10/2016 23:45;0
12/10/2016 00:00;0
12/10/2016 00:15;0
12/10/2016 00:30;0
12/10/2016 00:45;0
12/10/2016 01:00;0
12/10/2016 01:15;0
12/10/2016 01:30;0
12/10/2016 01:45;0
12/10/2016 02:00;0
12/10/2016 02:15;0
12/10/2016 02:30;0
12/10/2016 02:45;0
12/10/2016 03:00;0
12/10/2016 03:15;0
12/10/2016 03:30;0
12/10/2016 03:45;0
12/10/2016 04:00;0
12/10/2016 04:15;0
12/10/2016 04:30;0
12/10/2016 04:45;0
12/10/2016 05:00;0
12/10/2016 05:15;0
12/10/2016 05:30;0
12/10/2016 05:45;0
12/10/2016 06:00;0
12/10/2016 06:15;0
12/10/2016 06:30;0
12/10/2016 06:45;0
12/10/2016 07:00;0
12/10/2016 07:15;0
12/10/2016 07:30;0
12/10/2016 07:45;0
12/10/2016 08:00;0
12/10/2016 08:15;0
12/10/2016 08:30;0
12/10/2016 08:45;0
12/10/2016 09:00;0
12/10/2016 09:15;0
12/10/2016 09:30;0
12/10/2016 09:45;0
12/10/2016 10:00;0
12/10/2016 10:15;0
12/10/2016 10:30;0
12/10/2016 10:45;0
12/10/2016 11:00;0
12/10/2016 11:15;0
12/10/2016 11:30;0
12/10/2016 11:45;0
12/10/2016 12:00;0
12/10/2016 12:15;0
12/10/2016 12:30;0
12/10/2016 12:45;0
12/10/2016 13:00;0
12/10/2016 13:15;0
12/10/2016 13:30;0
12/10/2016 13:45;0
12/10/2016 14:00;0
12/10/2016 14:15;0
12/10/2016 14:30;0
12/10/2016 14:45;0
12/10/2016 15:00;0
12/10/2016 15:15;0
12/10/2016 15:30;0
12/10/2016 15:45;0
12/10/2016 16:00;0
12/10/2016 16:15;0
12/10/2016 16:30;0
12/10/2016 16:45;0
12/10/2016 17:00;0
12/10/2016 17:15;0
12/10/2016 17:30;0
12/10/2016 17:45;0
12/10/2016 18:00;0
12/10/2016 18:15;0
12/10/2016 18:30;0
12/10/2016 18:45;0
12/10/2016 19:00;0
12/10/2016 19:15;0
12/10/2016 19:30;0
12/10/2016 19:45;0
12/10/2016 20:00;0
12/10/2016 20:15;0
12/10/2016 20:30;0
12/10/2016 20:45;0
12/10/2016 21:00;0
12/10/2016 21:15;0
12/10/2016 21:30;0
12/10/2016 21:45;0
12/10/2016 22:00;0
12/10/2016 22:15;0.00439887732899286
12/10/2016 22:30;0
12/10/2016 22:45;0.00219943866449643
12/10/2016 23:00;0.00219943866449643
12/10/2016 23:15;0.0645405949405817
12/10/2016 23:30;0.0278390140790441
12/10/2016 23:45;0.0258155303700557
13/10/2016 00:00;0.00683554675768601
13/10/2016 00:15;0
13/10/2016 00:30;0
13/10/2016 00:45;0
13/10/2016 01:00;0
13/10/2016 01:15;0
13/10/2016 01:30;0
13/10/2016 01:45;0.0163209109965361
13/10/2016 02:00;0
13/10/2016 02:15;0.0477452764405038
13/10/2016 02:30;0.0605263723328111
13/10/2016 02:45;0.0457217927315155
13/10/2016 03:00;0.347954738701106
13/10/2016 03:15;0.377495607114957
13/10/2016 03:30;0.249093931498093
13/10/2016 03:45;0.243727302159612
13/10/2016 04:00;0.246366626000621
13/10/2016 04:15;0.21286224956646
13/10/2016 04:30;0.303853483824874
13/10/2016 04:45;0.266671561131567
13/10/2016 05:00;0.242917977481818
13/10/2016 05:15;0.256199447262341
13/10/2016 05:30;0.313656856039437
13/10/2016 05:45;0.381935502528024
13/10/2016 06:00;0.348208208713062
13/10/2016 06:15;0.126310901304081
13/10/2016 06:30;0.0877185424976995
13/10/2016 06:45;0.390463382459915
13/10/2016 07:00;0.41301471343678
13/10/2016 07:15;0.311656851986321
13/10/2016 07:30;0.452392920127277
13/10/2016 07:45;0.412765504789677
13/10/2016 08:00;0.523184738356183
13/10/2016 08:15;0.831719597149598
13/10/2016 08:30;0.60441736166655
13/10/2016 08:45;0.522636289276318
13/10/2016 09:00;0.541664562147082
13/10/2016 09:15;0.599736089360209
13/10/2016 09:30;0.572894470168387
13/10/2016 09:45;0.508533822142788
13/10/2016 10:00;0.727633351111196
13/10/2016 10:15;0.300703831087478
13/10/2016 10:30;0.473246411581545
13/10/2016 10:45;0.473246411581545
13/10/2016 11:00;0.57122289735364
13/10/2016 11:15;0.611274631443015
13/10/2016 11:30;0.592375349843616
13/10/2016 11:45;0.539124930227777
13/10/2016 12:00;0.659774266336544
13/10/2016 12:15;0.347613752191273
13/10/2016 12:30;0.293644755228182
13/10/2016 12:45;0.490970210553601
13/10/2016 13:00;0.387079203739838
13/10/2016 13:15;0.467944278999785
13/10/2016 13:30;0.348656852463159
13/10/2016 13:45;0.480525071182484
13/10/2016 14:00;0.2125835918722
13/10/2016 14:15;0.442844040110534
13/10/2016 14:30;0.787923813642516
13/10/2016 14:45;0.543082030783219
13/10/2016 15:00;0.333235444933869
13/10/2016 15:15;0.952005590794594
13/10/2016 15:30;1.18978549837366
13/10/2016 15:45;0.693970554052954
13/10/2016 16:00;0.585058562890474
13/10/2016 16:15;0.923010121242155
13/10/2016 16:30;0.82889446091638
13/10/2016 16:45;0.3775884242056
13/10/2016 17:00;0.406410413178909
13/10/2016 17:15;0.23178481413378
13/10/2016 17:30;0.421556117215777
13/10/2016 17:45;0.403811323546536
13/10/2016 18:00;0.457982036625606
13/10/2016 18:15;0.989706378620813
13/10/2016 18:30;0.48764255766113
13/10/2016 18:45;0.0987942501826958
13/10/2016 19:00;0
13/10/2016 19:15;0
13/10/2016 19:30;0
13/10/2016 19:45;0
13/10/2016 20:00;0
13/10/2016 20:15;0
13/10/2016 20:30;0
13/10/2016 20:45;0
13/10/2016 21:00;0
13/10/2016 21:15;0.0104956179634209
13/10/2016 21:30;0.115056974924233
13/10/2016 21:45;0.697161925005415
13/10/2016 22:00;0.76983755239322
13/10/2016 22:15;0.428037084771093
13/10/2016 22:30;0.138367176055323
13/10/2016 22:45;0.176439676669896
13/10/2016 23:00;0.0144418968196059
13/10/2016 23:15;0
13/10/2016 23:30;0
13/10/2016 23:45;0
14/10/2016 00:00;0
14/10/2016 00:15;0
14/10/2016 00:30;0
14/10/2016 00:45;0
14/10/2016 01:00;0
14/10/2016 01:15;0
14/10/2016 01:30;0
14/10/2016 01:45;0
14/10/2016 02:00;0
14/10/2016 02:15;0
14/10/2016 02:30;0
14/10/2016 02:45;0
14/10/2016 03:00;0
14/10/2016 03:15;0
14/10/2016 03:30;0
14/10/2016 03:45;0
14/10/2016 04:00;0
14/10/2016 04:15;0.0358905127904929
14/10/2016 04:30;0.647317198658417
14/10/2016 04:45;1.65694916527708
14/10/2016 05:00;2.21932883480526
14/10/2016 05:15;0.338062970707421
14/10/2016 05:30;0
14/10/2016 05:45;0.167514369427841
14/10/2016 06:00;0.0704906209395584
14/10/2016 06:15;0.171871009705879
14/10/2016 06:30;0.133920780746594
14/10/2016 06:45;0.114768311154228
14/10/2016 07:00;0.179527870156395
14/10/2016 07:15;0.106916517475227
14/10/2016 07:30;0.166911007552111
14/10/2016 07:45;0.38761904899763
14/10/2016 08:00;1.32478172857067
14/10/2016 08:15;5.39014627007511
14/10/2016 08:30;0.996316150246348
14/10/2016 08:45;1.31248213078148
14/10/2016 09:00;0.898268712901885
14/10/2016 09:15;1.7892316002158
14/10/2016 09:30;5.88476389015211
14/10/2016 09:45;1.37717942422522
14/10/2016 10:00;1.89671305562849
14/10/2016 10:15;2.03850063660815
14/10/2016 10:30;0.806964969377965
14/10/2016 10:45;0.908889666940745
14/10/2016 11:00;0.88580967337568
14/10/2016 11:15;0.812164364028409
14/10/2016 11:30;0.809349082118344
14/10/2016 11:45;0.91264529227795
14/10/2016 12:00;0.909830010367884
14/10/2016 12:15;0.867295180247048
14/10/2016 12:30;0.225181661757429
14/10/2016 12:45;0
14/10/2016 13:00;0
14/10/2016 13:15;0.179322466317601
14/10/2016 13:30;0.0118797753734197
14/10/2016 13:45;0
14/10/2016 14:00;0
14/10/2016 14:15;0
14/10/2016 14:30;0
14/10/2016 14:45;0.208797758293702
14/10/2016 15:00;0
14/10/2016 15:15;0
14/10/2016 15:30;0
14/10/2016 15:45;0
14/10/2016 16:00;0.100000001490116
14/10/2016 16:15;0.0204696653753114
14/10/2016 16:30;0.0401777698770764
14/10/2016 16:45;0
14/10/2016 17:00;0.104636208447351
14/10/2016 17:15;0.563302130912831
14/10/2016 17:30;0.223319666092495
14/10/2016 17:45;0
14/10/2016 18:00;0.0221759550001698
14/10/2016 18:15;0.155714045534682
14/10/2016 18:30;0.101304463840393
14/10/2016 18:45;0.257093735182965
14/10/2016 19:00;0.402208655894455
14/10/2016 19:15;0.528408929425252
14/10/2016 19:30;0.625986762719189
14/10/2016 19:45;0.941834032375499
14/10/2016 20:00;1.08907416693853
14/10/2016 20:15;0.959049584477847
14/10/2016 20:30;0.436224407969319
14/10/2016 20:45;1.22067919407784
14/10/2016 21:00;0.717887935150904
14/10/2016 21:15;0.605183323315805
14/10/2016 21:30;0.473219609412241
14/10/2016 21:45;0.959117572835891
14/10/2016 22:00;1.16668994741799
14/10/2016 22:15;1.26853123321765
14/10/2016 22:30;0.952341259360412
14/10/2016 22:45;1.11219365900751
14/10/2016 23:00;1.02190704354413
14/10/2016 23:15;0.259579296296113
14/10/2016 23:30;0.105644605734414
14/10/2016 23:45;0.0542514351626802
15/10/2016 00:00;0.112254457409379
15/10/2016 00:15;0
15/10/2016 00:30;0
15/10/2016 00:45;0
15/10/2016 01:00;0
15/10/2016 01:15;0
15/10/2016 01:30;0
15/10/2016 01:45;0
15/10/2016 02:00;0
15/10/2016 02:15;0
15/10/2016 02:30;0
15/10/2016 02:45;0
15/10/2016 03:00;0
15/10/2016 03:15;0
15/10/2016 03:30;0
15/10/2016 03:45;0
15/10/2016 04:00;0
15/10/2016 04:15;0
15/10/2016 04:30;0
15/10/2016 04:45;0
15/10/2016 05:00;0
15/10/2016 05:15;0
15/10/2016 05:30;0
15/10/2016 05:45;0
15/10/2016 06:00;0
15/10/2016 06:15;0
15/10/2016 06:30;0
15/10/2016 06:45;0
15/10/2016 07:00;0
15/10/2016 07:15;0
15/10/2016 07:30;0
15/10/2016 07:45;0
15/10/2016 08:00;0
15/10/2016 08:15;0
15/10/2016 08:30;0
15/10/2016 08:45;0
15/10/2016 09:00;0
15/10/2016 09:15;0
15/10/2016 09:30;0
15/10/2016 09:45;0
15/10/2016 10:00;0
15/10/2016 10:15;0
15/10/2016 10:30;0
15/10/2016 10:45;0
15/10/2016 11:00;0
15/10/2016 11:15;0
15/10/2016 11:30;0
15/10/2016 11:45;0
15/10/2016 12:00;0
15/10/2016 12:15;0
15/10/2016 12:30;0
15/10/2016 12:45;0
15/10/2016 13:00;0
15/10/2016 13:15;0
15/10/2016 13:30;0
15/10/2016 13:45;0
15/10/2016 14:00;0
15/10/2016 14:15;0
15/10/2016 14:30;0
15/10/2016 14:45;0
15/10/2016 15:00;0
15/10/2016 15:15;0
15/10/2016 15:30;0
15/10/2016 15:45;0
15/10/2016 16:00;0
15/10/2016 16:15;0
15/10/2016 16:30;0
15/10/2016 16:45;0
15/10/2016 17:00;0
15/10/2016 17:15;0
15/10/2016 17:30;0
15/10/2016 17:45;0
15/10/2016 18:00;0
15/10/2016 18:15;0
15/10/2016 18:30;0
15/10/2016 18:45;0
15/10/2016 19:00;0
15/10/2016 19:15;0
15/10/2016 19:30;0
15/10/2016 19:45;0
15/10/2016 20:00;0
15/10/2016 20:15;0
15/10/2016 20:30;0
15/10/2016 20:45;0
15/10/2016 21:00;0
15/10/2016 21:15;0
15/10/2016 21:30;0
15/10/2016 21:45;0
15/10/2016 22:00;0
15/10/2016 22:15;0
15/10/2016 22:30;0
15/10/2016 22:45;0
15/10/2016 23:00;0
15/10/2016 23:15;0
15/10/2016 23:30;0
15/10/2016 23:45;0
16/10/2016 00:00;0
16/10/2016 00:15;0
16/10/2016 00:30;0
16/10/2016 00:45;0
16/10/2016 01:00;0
16/10/2016 01:15;0
16/10/2016 01:30;0
16/10/2016 01:45;0
16/10/2016 02:00;0
16/10/2016 02:15;0
16/10/2016 02:30;0
16/10/2016 02:45;0
16/10/2016 03:00;0
16/10/2016 03:15;0
16/10/2016 03:30;0
16/10/2016 03:45;0
16/10/2016 04:00;0
16/10/2016 04:15;0
16/10/2016 04:30;0
16/10/2016 04:45;0
16/10/2016 05:00;0
16/10/2016 05:15;0
16/10/2016 05:30;0
16/10/2016 05:45;0
16/10/2016 06:00;0
16/10/2016 06:15;0
16/10/2016 06:30;0
16/10/2016 06:45;0
16/10/2016 07:00;0
16/10/2016 07:15;0
16/10/2016 07:30;0
16/10/2016 07:45;0
16/10/2016 08:00;0
16/10/2016 08:15;0
16/10/2016 08:30;0
16/10/2016 08:45;0
16/10/2016 09:00;0
16/10/2016 09:15;0
16/10/2016 09:30;0
16/10/2016 09:45;0
16/10/2016 10:00;0
16/10/2016 10:15;0
16/10/2016 10:30;0
16/10/2016 10:45;0
16/10/2016 11:00;0
16/10/2016 11:15;0
16/10/2016 11:30;0
16/10/2016 11:45;0
16/10/2016 12:00;0
16/10/2016 12:15;0
16/10/2016 12:30;0
16/10/2016 12:45;0
16/10/2016 13:00;0
16/10/2016 13:15;0
16/10/2016 13:30;0
16/10/2016 13:45;0
16/10/2016 14:00;0
16/10/2016 14:15;0
16/10/2016 14:30;0
16/10/2016 14:45;0
16/10/2016 15:00;0
16/10/2016 15:15;0
16/10/2016 15:30;0
16/10/2016 15:45;0
16/10/2016 16:00;0
16/10/2016 16:15;0
16/10/2016 16:30;0
16/10/2016 16:45;0
16/10/2016 17:00;0
16/10/2016 17:15;0
16/10/2016 17:30;0
16/10/2016 17:45;0
16/10/2016 18:00;0
16/10/2016 18:15;0
16/10/2016 18:30;0
16/10/2016 18:45;0
16/10/2016 19:00;0
16/10/2016 19:15;0
16/10/2016 19:30;0
16/10/2016 19:45;0
16/10/2016 20:00;0
16/10/2016 20:15;0
16/10/2016 20:30;0
16/10/2016 20:45;0
16/10/2016 21:00;0
16/10/2016 21:15;0
16/10/2016 21:30;0
16/10/2016 21:45;0
16/10/2016 22:00;0
16/10/2016 22:15;0
16/10/2016 22:30;0
16/10/2016 22:45;0
16/10/2016 23:00;0
16/10/2016 23:15;0
16/10/2016 23:30;0
16/10/2016 23:45;0
17/10/2016 00:00;0
17/10/2016 00:15;0
17/10/2016 00:30;0
17/10/2016 00:45;0
17/10/2016 01:00;0
17/10/2016 01:15;0
17/10/2016 01:30;0
17/10/2016 01:45;0
17/10/2016 02:00;0
17/10/2016 02:15;0
17/10/2016 02:30;0
17/10/2016 02:45;0
17/10/2016 03:00;0
17/10/2016 03:15;0
17/10/2016 03:30;0
17/10/2016 03:45;0
17/10/2016 04:00;0
17/10/2016 04:15;0
17/10/2016 04:30;0
17/10/2016 04:45;0
17/10/2016 05:00;0
17/10/2016 05:15;0
17/10/2016 05:30;0
17/10/2016 05:45;0
17/10/2016 06:00;0
17/10/2016 06:15;0
17/10/2016 06:30;0
17/10/2016 06:45;0
17/10/2016 07:00;0
17/10/2016 07:15;0
17/10/2016 07:30;0
17/10/2016 07:45;0
17/10/2016 08:00;0
17/10/2016 08:15;0
17/10/2016 08:30;0
17/10/2016 08:45;0
17/10/2016 09:00;0
17/10/2016 09:15;0
17/10/2016 09:30;0
17/10/2016 09:45;0
17/10/2016 10:00;0
17/10/2016 10:15;0
17/10/2016 10:30;0.00683554675768601
17/10/2016 10:45;0.028076245786434
17/10/2016 11:00;0.0733729250510287
17/10/2016 11:15;0.0315983163660183
17/10/2016 11:30;0.0228005617080326
17/10/2016 11:45;0.0228005617080326
17/10/2016 12:00;0.0228005617080326
17/10/2016 12:15;0
17/10/2016 12:30;0.0915756131489085
17/10/2016 12:45;0.0921034785070457
17/10/2016 13:00;0
17/10/2016 13:15;0
17/10/2016 13:30;0.185137752996372
17/10/2016 13:45;0.30606449365661
17/10/2016 14:00;0
17/10/2016 14:15;0
17/10/2016 14:30;0.0514956190959092
17/10/2016 14:45;0.0257038206861743
17/10/2016 15:00;0.0228005617080326
17/10/2016 15:15;0
17/10/2016 15:30;0
17/10/2016 15:45;0
17/10/2016 16:00;0
17/10/2016 16:15;0
17/10/2016 16:30;0
17/10/2016 16:45;0
17/10/2016 17:00;0
17/10/2016 17:15;0
17/10/2016 17:30;0
17/10/2016 17:45;0
17/10/2016 18:00;0
17/10/2016 18:15;0
17/10/2016 18:30;0
17/10/2016 18:45;0
17/10/2016 19:00;0
17/10/2016 19:15;0
17/10/2016 19:30;0
17/10/2016 19:45;0
17/10/2016 20:00;0
17/10/2016 20:15;0
17/10/2016 20:30;0
17/10/2016 20:45;0
17/10/2016 21:00;0
17/10/2016 21:15;0
17/10/2016 21:30;0
17/10/2016 21:45;0
17/10/2016 22:00;0
17/10/2016 22:15;0
17/10/2016 22:30;0
17/10/2016 22:45;0
17/10/2016 23:00;0
17/10/2016 23:15;0
17/10/2016 23:30;0
17/10/2016 23:45;0
18/10/2016 00:00;0
18/10/2016 00:15;0
18/10/2016 00:30;0
18/10/2016 00:45;0
18/10/2016 01:00;0
18/10/2016 01:15;0
18/10/2016 01:30;0
18/10/2016 01:45;0
18/10/2016 02:00;0
18/10/2016 02:15;0
18/10/2016 02:30;0
18/10/2016 02:45;0
18/10/2016 03:00;0
18/10/2016 03:15;0
18/10/2016 03:30;0
18/10/2016 03:45;0
18/10/2016 04:00;0
18/10/2016 04:15;0
18/10/2016 04:30;0
18/10/2016 04:45;0
18/10/2016 05:00;0
18/10/2016 05:15;0
18/10/2016 05:30;0
18/10/2016 05:45;0
18/10/2016 06:00;0
18/10/2016 06:15;0
18/10/2016 06:30;0
18/10/2016 06:45;0
18/10/2016 07:00;0
18/10/2016 07:15;0
18/10/2016 07:30;0
18/10/2016 07:45;0
18/10/2016 08:00;0
18/10/2016 08:15;0
18/10/2016 08:30;0
18/10/2016 08:45;0
18/10/2016 09:00;0
18/10/2016 09:15;0
18/10/2016 09:30;0
18/10/2016 09:45;0
18/10/2016 10:00;0
18/10/2016 10:15;0
18/10/2016 10:30;0
18/10/2016 10:45;0
18/10/2016 11:00;0
18/10/2016 11:15;0
18/10/2016 11:30;0
18/10/2016 11:45;0
18/10/2016 12:00;0
18/10/2016 12:15;0
18/10/2016 12:30;0
18/10/2016 12:45;0
18/10/2016 13:00;0
18/10/2016 13:15;0
18/10/2016 13:30;0
18/10/2016 13:45;0
18/10/2016 14:00;0
18/10/2016 14:15;0
18/10/2016 14:30;0
18/10/2016 14:45;0
18/10/2016 15:00;0
18/10/2016 15:15;0
18/10/2016 15:30;0
18/10/2016 15:45;0
18/10/2016 16:00;0
18/10/2016 16:15;0
18/10/2016 16:30;0
18/10/2016 16:45;0
18/10/2016 17:00;0
18/10/2016 17:15;0
18/10/2016 17:30;0
18/10/2016 17:45;0
18/10/2016 18:00;0
18/10/2016 18:15;0
18/10/2016 18:30;0
18/10/2016 18:45;0
18/10/2016 19:00;0
18/10/2016 19:15;0
18/10/2016 19:30;0
18/10/2016 19:45;0
18/10/2016 20:00;0
18/10/2016 20:15;0
18/10/2016 20:30;0
18/10/2016 20:45;0
18/10/2016 21:00;0
18/10/2016 21:15;0
18/10/2016 21:30;0
18/10/2016 21:45;0
18/10/2016 22:00;0
18/10/2016 22:15;0
18/10/2016 22:30;0
18/10/2016 22:45;0
18/10/2016 23:00;0
18/10/2016 23:15;0
18/10/2016 23:30;0
18/10/2016 23:45;0
19/10/2016 00:00;0
19/10/2016 00:15;0
19/10/2016 00:30;0
19/10/2016 00:45;0
19/10/2016 01:00;0
19/10/2016 01:15;0
19/10/2016 01:30;0
19/10/2016 01:45;0
19/10/2016 02:00;0
19/10/2016 02:15;0
19/10/2016 02:30;0
19/10/2016 02:45;0
19/10/2016 03:00;0
19/10/2016 03:15;0
19/10/2016 03:30;0
19/10/2016 03:45;0
19/10/2016 04:00;0
19/10/2016 04:15;0
19/10/2016 04:30;0
19/10/2016 04:45;0
19/10/2016 05:00;0
19/10/2016 05:15;0
19/10/2016 05:30;0
19/10/2016 05:45;0
19/10/2016 06:00;0
19/10/2016 06:15;0
19/10/2016 06:30;0
19/10/2016 06:45;0
19/10/2016 07:00;0
19/10/2016 07:15;0
19/10/2016 07:30;0
19/10/2016 07:45;0
19/10/2016 08:00;0
19/10/2016 08:15;0
19/10/2016 08:30;0
19/10/2016 08:45;0
19/10/2016 09:00;0
19/10/2016 09:15;0
19/10/2016 09:30;0
19/10/2016 09:45;0
19/10/2016 10:00;0
19/10/2016 10:15;0
19/10/2016 10:30;0
19/10/2016 10:45;0
19/10/2016 11:00;0
19/10/2016 11:15;0
19/10/2016 11:30;0
19/10/2016 11:45;0
19/10/2016 12:00;0
19/10/2016 12:15;0
19/10/2016 12:30;0
19/10/2016 12:45;0
19/10/2016 13:00;0
19/10/2016 13:15;0
19/10/2016 13:30;0
19/10/2016 13:45;0
19/10/2016 14:00;0
19/10/2016 14:15;0
19/10/2016 14:30;0
19/10/2016 14:45;0
19/10/2016 15:00;0
19/10/2016 15:15;0
19/10/2016 15:30;0
19/10/2016 15:45;0
19/10/2016 16:00;0
19/10/2016 16:15;0
19/10/2016 16:30;0
19/10/2016 16:45;0
19/10/2016 17:00;0
19/10/2016 17:15;0
19/10/2016 17:30;0
19/10/2016 17:45;0
19/10/2016 18:00;0
19/10/2016 18:15;0
19/10/2016 18:30;0
19/10/2016 18:45;0
19/10/2016 19:00;0
19/10/2016 19:15;0
19/10/2016 19:30;0
19/10/2016 19:45;0
19/10/2016 20:00;0
19/10/2016 20:15;0
19/10/2016 20:30;0
19/10/2016 20:45;0
19/10/2016 21:00;0
19/10/2016 21:15;0
19/10/2016 21:30;0
19/10/2016 21:45;0
19/10/2016 22:00;0
19/10/2016 22:15;0
19/10/2016 22:30;0
19/10/2016 22:45;0
19/10/2016 23:00;0
19/10/2016 23:15;0
19/10/2016 23:30;0
19/10/2016 23:45;0
20/10/2016 00:00;0
20/10/2016 00:15;0
20/10/2016 00:30;0
20/10/2016 00:45;0
20/10/2016 01:00;0
20/10/2016 01:15;0
20/10/2016 01:30;0
20/10/2016 01:45;0
20/10/2016 02:00;0
20/10/2016 02:15;0
20/10/2016 02:30;0
20/10/2016 02:45;0
20/10/2016 03:00;0
20/10/2016 03:15;0
20/10/2016 03:30;0
20/10/2016 03:45;0
20/10/2016 04:00;0
20/10/2016 04:15;0
20/10/2016 04:30;0
20/10/2016 04:45;0
20/10/2016 05:00;0
20/10/2016 05:15;0
20/10/2016 05:30;0
20/10/2016 05:45;0
20/10/2016 06:00;0
20/10/2016 06:15;0
20/10/2016 06:30;0
20/10/2016 06:45;0
20/10/2016 07:00;0
20/10/2016 07:15;0
20/10/2016 07:30;0
20/10/2016 07:45;0
20/10/2016 08:00;0
20/10/2016 08:15;0
20/10/2016 08:30;0
20/10/2016 08:45;0
20/10/2016 09:00;0
20/10/2016 09:15;0
20/10/2016 09:30;0
20/10/2016 09:45;0
20/10/2016 10:00;0
20/10/2016 10:15;0
20/10/2016 10:30;0
20/10/2016 10:45;0
20/10/2016 11:00;0
20/10/2016 11:15;0
20/10/2016 11:30;0
20/10/2016 11:45;0
20/10/2016 12:00;0
20/10/2016 12:15;0
20/10/2016 12:30;0
20/10/2016 12:45;0
20/10/2016 13:00;0
20/10/2016 13:15;0
20/10/2016 13:30;0
20/10/2016 13:45;0
20/10/2016 14:00;0
20/10/2016 14:15;0
20/10/2016 14:30;0
20/10/2016 14:45;0
20/10/2016 15:00;0
20/10/2016 15:15;0
20/10/2016 15:30;0
20/10/2016 15:45;0
20/10/2016 16:00;0
20/10/2016 16:15;0
20/10/2016 16:30;0
20/10/2016 16:45;0
20/10/2016 17:00;0
20/10/2016 17:15;0
20/10/2016 17:30;0
20/10/2016 17:45;0
20/10/2016 18:00;0
20/10/2016 18:15;0
20/10/2016 18:30;0
20/10/2016 18:45;0
20/10/2016 19:00;0
20/10/2016 19:15;0
20/10/2016 19:30;0.190349107867885
20/10/2016 19:45;0.379698201429986
20/10/2016 20:00;0.51793022500276
20/10/2016 20:15;0.639667969712353
20/10/2016 20:30;0.255358049738634
20/10/2016 20:45;0
20/10/2016 21:00;0
20/10/2016 21:15;0
20/10/2016 21:30;0.164939220644561
20/10/2016 21:45;0.264357857254724
20/10/2016 22:00;0.529738030705891
20/10/2016 22:15;2.85285652263352
20/10/2016 22:30;0.936106215022583
20/10/2016 22:45;1.44024074162931
20/10/2016 23:00;0.929155989281948
20/10/2016 23:15;0.00334314661271846
20/10/2016 23:30;0.0864063943523427
20/10/2016 23:45;0
21/10/2016 00:00;0.00272730385876268
21/10/2016 00:15;0
21/10/2016 00:30;0
21/10/2016 00:45;0
21/10/2016 01:00;0
21/10/2016 01:15;0
21/10/2016 01:30;0
21/10/2016 01:45;0
21/10/2016 02:00;0
21/10/2016 02:15;0
21/10/2016 02:30;0
21/10/2016 02:45;0
21/10/2016 03:00;0
21/10/2016 03:15;0
21/10/2016 03:30;0
21/10/2016 03:45;0
21/10/2016 04:00;0
21/10/2016 04:15;0
21/10/2016 04:30;0
21/10/2016 04:45;0
21/10/2016 05:00;0
21/10/2016 05:15;0
21/10/2016 05:30;0
21/10/2016 05:45;0
21/10/2016 06:00;0
21/10/2016 06:15;0
21/10/2016 06:30;0
21/10/2016 06:45;0
21/10/2016 07:00;0
21/10/2016 07:15;0
21/10/2016 07:30;0
21/10/2016 07:45;0
21/10/2016 08:00;0
21/10/2016 08:15;0
21/10/2016 08:30;0
21/10/2016 08:45;0
21/10/2016 09:00;0
21/10/2016 09:15;0
21/10/2016 09:30;0
21/10/2016 09:45;0
21/10/2016 10:00;0
21/10/2016 10:15;0
21/10/2016 10:30;0
21/10/2016 10:45;0
21/10/2016 11:00;0
21/10/2016 11:15;0
21/10/2016 11:30;0
21/10/2016 11:45;0
21/10/2016 12:00;0
21/10/2016 12:15;0
21/10/2016 12:30;0
21/10/2016 12:45;0
21/10/2016 13:00;0
21/10/2016 13:15;0
21/10/2016 13:30;0
21/10/2016 13:45;0
21/10/2016 14:00;0
21/10/2016 14:15;0
21/10/2016 14:30;0
21/10/2016 14:45;0
21/10/2016 15:00;0
21/10/2016 15:15;0
21/10/2016 15:30;0
21/10/2016 15:45;0
21/10/2016 16:00;0
21/10/2016 16:15;0
21/10/2016 16:30;0
21/10/2016 16:45;0
21/10/2016 17:00;0
21/10/2016 17:15;0
21/10/2016 17:30;0
21/10/2016 17:45;0
21/10/2016 18:00;0
21/10/2016 18:15;0
21/10/2016 18:30;0
21/10/2016 18:45;0
21/10/2016 19:00;0
21/10/2016 19:15;0
21/10/2016 19:30;0
21/10/2016 19:45;0
21/10/2016 20:00;0
21/10/2016 20:15;0
21/10/2016 20:30;0
21/10/2016 20:45;0
21/10/2016 21:00;0
21/10/2016 21:15;0
21/10/2016 21:30;0
21/10/2016 21:45;0
21/10/2016 22:00;0
21/10/2016 22:15;0
21/10/2016 22:30;0
21/10/2016 22:45;0
21/10/2016 23:00;0
21/10/2016 23:15;0
21/10/2016 23:30;0
21/10/2016 23:45;0
22/10/2016 00:00;0
22/10/2016 00:15;0
22/10/2016 00:30;0
22/10/2016 00:45;0
22/10/2016 01:00;0
22/10/2016 01:15;0
22/10/2016 01:30;0
22/10/2016 01:45;0
22/10/2016 02:00;0
22/10/2016 02:15;0
22/10/2016 02:30;0
22/10/2016 02:45;0
22/10/2016 03:00;0
22/10/2016 03:15;0
22/10/2016 03:30;0
22/10/2016 03:45;0
22/10/2016 04:00;0
22/10/2016 04:15;0
22/10/2016 04:30;0
22/10/2016 04:45;0
22/10/2016 05:00;0
22/10/2016 05:15;0
22/10/2016 05:30;0
22/10/2016 05:45;0
22/10/2016 06:00;0
22/10/2016 06:15;0
22/10/2016 06:30;0
22/10/2016 06:45;0
22/10/2016 07:00;0
22/10/2016 07:15;0
22/10/2016 07:30;0
22/10/2016 07:45;0
22/10/2016 08:00;0
22/10/2016 08:15;0
22/10/2016 08:30;0
22/10/2016 08:45;0
22/10/2016 09:00;0
22/10/2016 09:15;0
22/10/2016 09:30;0
22/10/2016 09:45;0
22/10/2016 10:00;0
22/10/2016 10:15;0
22/10/2016 10:30;0
22/10/2016 10:45;0
22/10/2016 11:00;0
22/10/2016 11:15;0
22/10/2016 11:30;0
22/10/2016 11:45;0
22/10/2016 12:00;0
22/10/2016 12:15;0
22/10/2016 12:30;0
22/10/2016 12:45;0
22/10/2016 13:00;0
22/10/2016 13:15;0
22/10/2016 13:30;0
22/10/2016 13:45;0
22/10/2016 14:00;0
22/10/2016 14:15;0
22/10/2016 14:30;0
22/10/2016 14:45;0
22/10/2016 15:00;0
22/10/2016 15:15;0
22/10/2016 15:30;0
22/10/2016 15:45;0
22/10/2016 16:00;0
22/10/2016 16:15;0
22/10/2016 16:30;0
22/10/2016 16:45;0
22/10/2016 17:00;0
22/10/2016 17:15;0
22/10/2016 17:30;0
22/10/2016 17:45;0
22/10/2016 18:00;0
22/10/2016 18:15;0
22/10/2016 18:30;0
22/10/2016 18:45;0
22/10/2016 19:00;0
22/10/2016 19:15;0
22/10/2016 19:30;0
22/10/2016 19:45;0
22/10/2016 20:00;0
22/10/2016 20:15;0.00219943866449643
22/10/2016 20:30;0.00219943866449643
22/10/2016 20:45;0.00219943866449643
22/10/2016 21:00;0.0934016854966268
22/10/2016 21:15;0
22/10/2016 21:30;0
22/10/2016 21:45;0
22/10/2016 22:00;0
22/10/2016 22:15;0
22/10/2016 22:30;0
22/10/2016 22:45;0
22/10/2016 23:00;0.107523157828667
22/10/2016 23:15;0.202551351719616
22/10/2016 23:30;0.106246407408718
22/10/2016 23:45;0
23/10/2016 00:00;0
23/10/2016 00:15;0.00659831615736024
23/10/2016 00:30;0.00659831615736024
23/10/2016 00:45;0.00659831615736024
23/10/2016 01:00;0.189002809821621
23/10/2016 01:15;0.219944270773674
23/10/2016 01:30;0.062032248020565
23/10/2016 01:45;0.066607080468937
23/10/2016 02:00;0.251416396087327
23/10/2016 02:15;0.207736071120853
23/10/2016 02:30;0.104879777414921
23/10/2016 02:45;0
23/10/2016 03:00;0.187472128532303
23/10/2016 03:15;0
23/10/2016 03:30;0
23/10/2016 03:45;0.400000005960464
23/10/2016 04:00;0
23/10/2016 04:15;0.183161229254613
23/10/2016 04:30;0.0581468558502341
23/10/2016 04:45;0.068401686822872
23/10/2016 05:00;0
23/10/2016 05:15;0
23/10/2016 05:30;0.0423284264552222
23/10/2016 05:45;0.0423284264552222
23/10/2016 06:00;0.105633371108805
23/10/2016 06:15;0.25962460122411
23/10/2016 06:30;0.0541584286122741
23/10/2016 06:45;0.0891934808516236
23/10/2016 07:00;0.0970234825168954
23/10/2016 07:15;0.140448657280853
23/10/2016 07:30;0
23/10/2016 07:45;0.210216967302426
23/10/2016 08:00;0.140448657280853
23/10/2016 08:15;0.181015731666332
23/10/2016 08:30;0.235320604658521
23/10/2016 08:45;0.175209213710048
23/10/2016 09:00;0.124775351377746
23/10/2016 09:15;0.0844721358636744
23/10/2016 09:30;0.351914834601456
23/10/2016 09:45;0.439873815712803
23/10/2016 10:00;0.206143705996212
23/10/2016 10:15;0.116480895585693
23/10/2016 10:30;0.0437770782076187
23/10/2016 10:45;0.929313698250597
23/10/2016 11:00;0.0928328090133837
23/10/2016 11:15;0.00299123670170223
23/10/2016 11:30;0.0611055059890861
23/10/2016 11:45;1.02402628292098
23/10/2016 12:00;0.00299123670170223
23/10/2016 12:15;0
23/10/2016 12:30;0.581591615412381
23/10/2016 12:45;1.25263339518884
23/10/2016 13:00;0.168248927883717
23/10/2016 13:15;1.19259551029173
23/10/2016 13:30;0.388587569548304
23/10/2016 13:45;0.0776063865901285
23/10/2016 14:00;0.527350814701888
23/10/2016 14:15;0.160543687946962
23/10/2016 14:30;0.216395607051909
23/10/2016 14:45;0.105772048367494
23/10/2016 15:00;0.00976550765069963
23/10/2016 15:15;0
23/10/2016 15:30;0.100000001490116
23/10/2016 15:45;0
23/10/2016 16:00;0
23/10/2016 16:15;0
23/10/2016 16:30;0
23/10/2016 16:45;0
23/10/2016 17:00;0
23/10/2016 17:15;0
23/10/2016 17:30;0
23/10/2016 17:45;0
23/10/2016 18:00;0.208797758293702
23/10/2016 18:15;0.212140903923195
23/10/2016 18:30;0.212140903923195
23/10/2016 18:45;0.384603934489635
23/10/2016 19:00;0
23/10/2016 19:15;0.00439887732899286
23/10/2016 19:30;0.186803370993254
23/10/2016 19:45;0.00439887732899286
23/10/2016 20:00;0.00439887732899286
23/10/2016 20:15;0.0313284265148268
23/10/2016 20:30;0.0180557313124045
23/10/2016 20:45;0.0167360682448034
23/10/2016 21:00;0.0338797754180814
23/10/2016 21:15;0
23/10/2016 21:30;0
23/10/2016 21:45;0
23/10/2016 22:00;0
23/10/2016 22:15;0.00439887732899286
23/10/2016 22:30;0.00439887732899286
23/10/2016 22:45;0.00439887732899286
23/10/2016 23:00;0.194326527892323
23/10/2016 23:15;0.0376305643568229
23/10/2016 23:30;0.18504100589484
23/10/2016 23:45;0.24974482327258
24/10/2016 00:00;0.127583597117744
24/10/2016 00:15;0.0271994390370255
24/10/2016 00:30;0.0271994390370255
24/10/2016 00:45;0.0271994390370255
24/10/2016 01:00;0.0271994390370255
24/10/2016 01:15;0
24/10/2016 01:30;0
24/10/2016 01:45;0
24/10/2016 02:00;0
24/10/2016 02:15;0
24/10/2016 02:30;0
24/10/2016 02:45;0
24/10/2016 03:00;0
24/10/2016 03:15;0
24/10/2016 03:30;0
24/10/2016 03:45;0
24/10/2016 04:00;0
24/10/2016 04:15;0
24/10/2016 04:30;0
24/10/2016 04:45;0
24/10/2016 05:00;0
24/10/2016 05:15;0
24/10/2016 05:30;0
24/10/2016 05:45;0
24/10/2016 06:00;0
24/10/2016 06:15;0
24/10/2016 06:30;0
24/10/2016 06:45;0
24/10/2016 07:00;0
24/10/2016 07:15;0
24/10/2016 07:30;0
24/10/2016 07:45;0
24/10/2016 08:00;0
24/10/2016 08:15;0
24/10/2016 08:30;0
24/10/2016 08:45;0
24/10/2016 09:00;0
24/10/2016 09:15;0
24/10/2016 09:30;0
24/10/2016 09:45;0
24/10/2016 10:00;0
24/10/2016 10:15;0
24/10/2016 10:30;0
24/10/2016 10:45;0
24/10/2016 11:00;0
24/10/2016 11:15;0
24/10/2016 11:30;0
24/10/2016 11:45;0
24/10/2016 12:00;0
24/10/2016 12:15;0
24/10/2016 12:30;0
24/10/2016 12:45;0
24/10/2016 13:00;0
24/10/2016 13:15;0
24/10/2016 13:30;0
24/10/2016 13:45;0
24/10/2016 14:00;0
24/10/2016 14:15;0
24/10/2016 14:30;0
24/10/2016 14:45;0
24/10/2016 15:00;0
24/10/2016 15:15;0
24/10/2016 15:30;0
24/10/2016 15:45;0
24/10/2016 16:00;0
24/10/2016 16:15;0
24/10/2016 16:30;0
24/10/2016 16:45;0
24/10/2016 17:00;0
24/10/2016 17:15;0
24/10/2016 17:30;0
24/10/2016 17:45;0
24/10/2016 18:00;0
24/10/2016 18:15;0
24/10/2016 18:30;0
24/10/2016 18:45;0
24/10/2016 19:00;0
24/10/2016 19:15;0
24/10/2016 19:30;0
24/10/2016 19:45;0
24/10/2016 20:00;0
24/10/2016 20:15;0
24/10/2016 20:30;0
24/10/2016 20:45;0
24/10/2016 21:00;0
24/10/2016 21:15;0
24/10/2016 21:30;0
24/10/2016 21:45;0
24/10/2016 22:00;0
24/10/2016 22:15;0
24/10/2016 22:30;0
24/10/2016 22:45;0
24/10/2016 23:00;0
24/10/2016 23:15;0
24/10/2016 23:30;0
24/10/2016 23:45;0
25/10/2016 00:00;0
25/10/2016 00:15;0
25/10/2016 00:30;0
25/10/2016 00:45;0
25/10/2016 01:00;0.00879775465798572
25/10/2016 01:15;0
25/10/2016 01:30;0
25/10/2016 01:45;0
25/10/2016 02:00;0
25/10/2016 02:15;0.300000011920929
25/10/2016 02:30;0
25/10/2016 02:45;0
25/10/2016 03:00;0
25/10/2016 03:15;0.00219943866449643
25/10/2016 03:30;0.00219943866449643
25/10/2016 03:45;0.00219943866449643
25/10/2016 04:00;0.00219943866449643
25/10/2016 04:15;0
25/10/2016 04:30;0
25/10/2016 04:45;0
25/10/2016 05:00;0
25/10/2016 05:15;0.0777008541899562
25/10/2016 05:30;0.0627323350697941
25/10/2016 05:45;0.381252688804527
25/10/2016 06:00;0.101994987652182
25/10/2016 06:15;0
25/10/2016 06:30;0.0836078452254784
25/10/2016 06:45;1.13345764742335
25/10/2016 07:00;0.299255429031071
25/10/2016 07:15;1.16738679717647
25/10/2016 07:30;0.643113496977574
25/10/2016 07:45;0.486608898701137
25/10/2016 08:00;0.805227562713595
25/10/2016 08:15;1.27729001205803
25/10/2016 08:30;1.44676557571359
25/10/2016 08:45;0.900614957549455
25/10/2016 09:00;0.824292159798804
25/10/2016 09:15;0.687746270889289
25/10/2016 09:30;0.415855256303353
25/10/2016 09:45;0.352719086722764
25/10/2016 10:00;0.445029218621142
25/10/2016 10:15;0.792870989320421
25/10/2016 10:30;0.407129001380585
25/10/2016 10:45;0
25/10/2016 11:00;0
25/10/2016 11:15;0
25/10/2016 11:30;0.182404493664261
25/10/2016 11:45;0
25/10/2016 12:00;0.235191022923143
25/10/2016 12:15;0.559923434523402
25/10/2016 12:30;0.0413511804024052
25/10/2016 12:45;0
25/10/2016 13:00;0
25/10/2016 13:15;0.425300887105917
25/10/2016 13:30;0.680361789835495
25/10/2016 13:45;0.180653585971221
25/10/2016 14:00;0
25/10/2016 14:15;0.400000005960464
25/10/2016 14:30;0
25/10/2016 14:45;0.108797756148102
25/10/2016 15:00;0
25/10/2016 15:15;0
25/10/2016 15:30;0
25/10/2016 15:45;0
25/10/2016 16:00;0
25/10/2016 16:15;0
25/10/2016 16:30;0
25/10/2016 16:45;0
25/10/2016 17:00;0
25/10/2016 17:15;0
25/10/2016 17:30;0
25/10/2016 17:45;0
25/10/2016 18:00;0
25/10/2016 18:15;0
25/10/2016 18:30;0
25/10/2016 18:45;0
25/10/2016 19:00;0
25/10/2016 19:15;0
25/10/2016 19:30;0
25/10/2016 19:45;0
25/10/2016 20:00;0
25/10/2016 20:15;0
25/10/2016 20:30;0
25/10/2016 20:45;0
25/10/2016 21:00;0
25/10/2016 21:15;0
25/10/2016 21:30;0
25/10/2016 21:45;0
25/10/2016 22:00;0
25/10/2016 22:15;0
25/10/2016 22:30;0
25/10/2016 22:45;0
25/10/2016 23:00;0
25/10/2016 23:15;0
25/10/2016 23:30;0
25/10/2016 23:45;0
26/10/2016 00:00;0
26/10/2016 00:15;0
26/10/2016 00:30;0
26/10/2016 00:45;0
26/10/2016 01:00;0
26/10/2016 01:15;0
26/10/2016 01:30;0
26/10/2016 01:45;0
26/10/2016 02:00;0
26/10/2016 02:15;0
26/10/2016 02:30;0
26/10/2016 02:45;0
26/10/2016 03:00;0
26/10/2016 03:15;0
26/10/2016 03:30;0
26/10/2016 03:45;0
26/10/2016 04:00;0
26/10/2016 04:15;0
26/10/2016 04:30;0
26/10/2016 04:45;0
26/10/2016 05:00;0
26/10/2016 05:15;0
26/10/2016 05:30;0
26/10/2016 05:45;0
26/10/2016 06:00;0
26/10/2016 06:15;0
26/10/2016 06:30;0
26/10/2016 06:45;0
26/10/2016 07:00;0
26/10/2016 07:15;0
26/10/2016 07:30;0
26/10/2016 07:45;0
26/10/2016 08:00;0
26/10/2016 08:15;0
26/10/2016 08:30;0
26/10/2016 08:45;0
26/10/2016 09:00;0
26/10/2016 09:15;0
26/10/2016 09:30;0
26/10/2016 09:45;0
26/10/2016 10:00;0
26/10/2016 10:15;0
26/10/2016 10:30;0
26/10/2016 10:45;0
26/10/2016 11:00;0
26/10/2016 11:15;0
26/10/2016 11:30;0
26/10/2016 11:45;0
26/10/2016 12:00;0.00879775465798572
26/10/2016 12:15;0.293718527834957
26/10/2016 12:30;0.101583597236786
26/10/2016 12:45;0.0134956182912883
26/10/2016 13:00;0
26/10/2016 13:15;0
26/10/2016 13:30;0
26/10/2016 13:45;0
26/10/2016 14:00;0
26/10/2016 14:15;0
26/10/2016 14:30;0
26/10/2016 14:45;0
26/10/2016 15:00;0
26/10/2016 15:15;0
26/10/2016 15:30;0
26/10/2016 15:45;0
26/10/2016 16:00;0
26/10/2016 16:15;0
26/10/2016 16:30;0
26/10/2016 16:45;0
26/10/2016 17:00;0
26/10/2016 17:15;0
26/10/2016 17:30;0
26/10/2016 17:45;0
26/10/2016 18:00;0
26/10/2016 18:15;0
26/10/2016 18:30;0
26/10/2016 18:45;0
26/10/2016 19:00;0.110072355123021
26/10/2016 19:15;0.0543519113117254
26/10/2016 19:30;0.0329120224253675
26/10/2016 19:45;0.0119120225446186
26/10/2016 20:00;0
26/10/2016 20:15;0
26/10/2016 20:30;0
26/10/2016 20:45;0
26/10/2016 21:00;0
26/10/2016 21:15;0
26/10/2016 21:30;0
26/10/2016 21:45;0
26/10/2016 22:00;0
26/10/2016 22:15;0
26/10/2016 22:30;0
26/10/2016 22:45;0
26/10/2016 23:00;0
26/10/2016 23:15;0
26/10/2016 23:30;0
26/10/2016 23:45;0
27/10/2016 00:00;0
27/10/2016 00:15;0
27/10/2016 00:30;0
27/10/2016 00:45;0
27/10/2016 01:00;0
27/10/2016 01:15;0
27/10/2016 01:30;0
27/10/2016 01:45;0
27/10/2016 02:00;0
27/10/2016 02:15;0
27/10/2016 02:30;0
27/10/2016 02:45;0
27/10/2016 03:00;0
27/10/2016 03:15;0
27/10/2016 03:30;0
27/10/2016 03:45;0
27/10/2016 04:00;0
27/10/2016 04:15;0
27/10/2016 04:30;0
27/10/2016 04:45;0
27/10/2016 05:00;0
27/10/2016 05:15;0
27/10/2016 05:30;0
27/10/2016 05:45;0
27/10/2016 06:00;0
27/10/2016 06:15;0
27/10/2016 06:30;0
27/10/2016 06:45;0
27/10/2016 07:00;0
27/10/2016 07:15;0
27/10/2016 07:30;0
27/10/2016 07:45;0
27/10/2016 08:00;0
27/10/2016 08:15;0
27/10/2016 08:30;0
27/10/2016 08:45;0
27/10/2016 09:00;0
27/10/2016 09:15;0
27/10/2016 09:30;0
27/10/2016 09:45;0
27/10/2016 10:00;0
27/10/2016 10:15;0
27/10/2016 10:30;0
27/10/2016 10:45;0
27/10/2016 11:00;0
27/10/2016 11:15;0
27/10/2016 11:30;0
27/10/2016 11:45;0
27/10/2016 12:00;0
27/10/2016 12:15;0
27/10/2016 12:30;0
27/10/2016 12:45;0
27/10/2016 13:00;0
27/10/2016 13:15;0
27/10/2016 13:30;0
27/10/2016 13:45;0
27/10/2016 14:00;0
27/10/2016 14:15;0
27/10/2016 14:30;0
27/10/2016 14:45;0
27/10/2016 15:00;0
27/10/2016 15:15;0
27/10/2016 15:30;0
27/10/2016 15:45;0
27/10/2016 16:00;0
27/10/2016 16:15;0
27/10/2016 16:30;0
27/10/2016 16:45;0
27/10/2016 17:00;0
27/10/2016 17:15;0
27/10/2016 17:30;0
27/10/2016 17:45;0
27/10/2016 18:00;0
27/10/2016 18:15;0
27/10/2016 18:30;0
27/10/2016 18:45;0
27/10/2016 19:00;0
27/10/2016 19:15;0
27/10/2016 19:30;0
27/10/2016 19:45;0
27/10/2016 20:00;0
27/10/2016 20:15;0
27/10/2016 20:30;0
27/10/2016 20:45;0
27/10/2016 21:00;0
27/10/2016 21:15;0
27/10/2016 21:30;0
27/10/2016 21:45;0
27/10/2016 22:00;0
27/10/2016 22:15;0
27/10/2016 22:30;0
27/10/2016 22:45;0
27/10/2016 23:00;0
27/10/2016 23:15;0
27/10/2016 23:30;0
27/10/2016 23:45;0
28/10/2016 00:00;0
28/10/2016 00:15;0
28/10/2016 00:30;0
28/10/2016 00:45;0
28/10/2016 01:00;0
28/10/2016 01:15;0
28/10/2016 01:30;0
28/10/2016 01:45;0
28/10/2016 02:00;0
28/10/2016 02:15;0
28/10/2016 02:30;0
28/10/2016 02:45;0
28/10/2016 03:00;0
28/10/2016 03:15;0
28/10/2016 03:30;0
28/10/2016 03:45;0
28/10/2016 04:00;0
28/10/2016 04:15;0
28/10/2016 04:30;0
28/10/2016 04:45;0
28/10/2016 05:00;0
28/10/2016 05:15;0
28/10/2016 05:30;0
28/10/2016 05:45;0
28/10/2016 06:00;0
28/10/2016 06:15;0
28/10/2016 06:30;0
28/10/2016 06:45;0
28/10/2016 07:00;0
28/10/2016 07:15;0
28/10/2016 07:30;0
28/10/2016 07:45;0
28/10/2016 08:00;0
28/10/2016 08:15;0
28/10/2016 08:30;0
28/10/2016 08:45;0
28/10/2016 09:00;0
28/10/2016 09:15;0
28/10/2016 09:30;0
28/10/2016 09:45;0
28/10/2016 10:00;0
28/10/2016 10:15;0
28/10/2016 10:30;0
28/10/2016 10:45;0
28/10/2016 11:00;0
28/10/2016 11:15;0
28/10/2016 11:30;0
28/10/2016 11:45;0
28/10/2016 12:00;0
28/10/2016 12:15;0
28/10/2016 12:30;0
28/10/2016 12:45;0
28/10/2016 13:00;0
28/10/2016 13:15;0
28/10/2016 13:30;0
28/10/2016 13:45;0
28/10/2016 14:00;0
28/10/2016 14:15;0
28/10/2016 14:30;0
28/10/2016 14:45;0
28/10/2016 15:00;0
28/10/2016 15:15;0
28/10/2016 15:30;0
28/10/2016 15:45;0
28/10/2016 16:00;0
28/10/2016 16:15;0
28/10/2016 16:30;0
28/10/2016 16:45;0
28/10/2016 17:00;0
28/10/2016 17:15;0
28/10/2016 17:30;0
28/10/2016 17:45;0
28/10/2016 18:00;0
28/10/2016 18:15;0
28/10/2016 18:30;0
28/10/2016 18:45;0
28/10/2016 19:00;0
28/10/2016 19:15;0
28/10/2016 19:30;0
28/10/2016 19:45;0
28/10/2016 20:00;0
28/10/2016 20:15;0
28/10/2016 20:30;0
28/10/2016 20:45;0
28/10/2016 21:00;0
28/10/2016 21:15;0
28/10/2016 21:30;0
28/10/2016 21:45;0
28/10/2016 22:00;0
28/10/2016 22:15;0
28/10/2016 22:30;0
28/10/2016 22:45;0
28/10/2016 23:00;0
28/10/2016 23:15;0
28/10/2016 23:30;0
28/10/2016 23:45;0
29/10/2016 00:00;0
29/10/2016 00:15;0
29/10/2016 00:30;0
29/10/2016 00:45;0
29/10/2016 01:00;0
29/10/2016 01:15;0
29/10/2016 01:30;0
29/10/2016 01:45;0
29/10/2016 02:00;0
29/10/2016 02:15;0
29/10/2016 02:30;0
29/10/2016 02:45;0
29/10/2016 03:00;0
29/10/2016 03:15;0
29/10/2016 03:30;0
29/10/2016 03:45;0
29/10/2016 04:00;0
29/10/2016 04:15;0
29/10/2016 04:30;0
29/10/2016 04:45;0
29/10/2016 05:00;0
29/10/2016 05:15;0
29/10/2016 05:30;0
29/10/2016 05:45;0
29/10/2016 06:00;0
29/10/2016 06:15;0
29/10/2016 06:30;0
29/10/2016 06:45;0
29/10/2016 07:00;0
29/10/2016 07:15;0
29/10/2016 07:30;0
29/10/2016 07:45;0
29/10/2016 08:00;0
29/10/2016 08:15;0
29/10/2016 08:30;0
29/10/2016 08:45;0
29/10/2016 09:00;0
29/10/2016 09:15;0
29/10/2016 09:30;0
29/10/2016 09:45;0
29/10/2016 10:00;0
29/10/2016 10:15;0
29/10/2016 10:30;0
29/10/2016 10:45;0
29/10/2016 11:00;0
29/10/2016 11:15;0
29/10/2016 11:30;0
29/10/2016 11:45;0
29/10/2016 12:00;0
29/10/2016 12:15;0
29/10/2016 12:30;0
29/10/2016 12:45;0
29/10/2016 13:00;0
29/10/2016 13:15;0
29/10/2016 13:30;0
29/10/2016 13:45;0
29/10/2016 14:00;0
29/10/2016 14:15;0
29/10/2016 14:30;0
29/10/2016 14:45;0
29/10/2016 15:00;0
29/10/2016 15:15;0
29/10/2016 15:30;0
29/10/2016 15:45;0
29/10/2016 16:00;0
29/10/2016 16:15;0
29/10/2016 16:30;0
29/10/2016 16:45;0
29/10/2016 17:00;0
29/10/2016 17:15;0
29/10/2016 17:30;0
29/10/2016 17:45;0
29/10/2016 18:00;0
29/10/2016 18:15;0
29/10/2016 18:30;0
29/10/2016 18:45;0
29/10/2016 19:00;0
29/10/2016 19:15;0
29/10/2016 19:30;0
29/10/2016 19:45;0
29/10/2016 20:00;0
29/10/2016 20:15;0
29/10/2016 20:30;0
29/10/2016 20:45;0
29/10/2016 21:00;0
29/10/2016 21:15;0
29/10/2016 21:30;0
29/10/2016 21:45;0
29/10/2016 22:00;0
29/10/2016 22:15;0
29/10/2016 22:30;0
29/10/2016 22:45;0
29/10/2016 23:00;0
29/10/2016 23:15;0
29/10/2016 23:30;0
29/10/2016 23:45;0
30/10/2016 00:00;0
30/10/2016 00:15;0
30/10/2016 00:30;0
30/10/2016 00:45;0
30/10/2016 01:00;0
30/10/2016 01:15;0
30/10/2016 01:30;0
30/10/2016 01:45;0
30/10/2016 02:00;0
30/10/2016 02:15;0
30/10/2016 02:30;0
30/10/2016 02:45;0
30/10/2016 03:00;0
30/10/2016 03:15;0
30/10/2016 03:30;0
30/10/2016 03:45;0
30/10/2016 04:00;0
30/10/2016 04:15;0
30/10/2016 04:30;0
30/10/2016 04:45;0
30/10/2016 05:00;0
30/10/2016 05:15;0
30/10/2016 05:30;0
30/10/2016 05:45;0
30/10/2016 06:00;0
30/10/2016 06:15;0
30/10/2016 06:30;0
30/10/2016 06:45;0
30/10/2016 07:00;0
30/10/2016 07:15;0
30/10/2016 07:30;0
30/10/2016 07:45;0
30/10/2016 08:00;0
30/10/2016 08:15;0
30/10/2016 08:30;0
30/10/2016 08:45;0
30/10/2016 09:00;0
30/10/2016 09:15;0
30/10/2016 09:30;0
30/10/2016 09:45;0
30/10/2016 10:00;0
30/10/2016 10:15;0
30/10/2016 10:30;0
30/10/2016 10:45;0
30/10/2016 11:00;0
30/10/2016 11:15;0
30/10/2016 11:30;0
30/10/2016 11:45;0
30/10/2016 12:00;0
30/10/2016 12:15;0
30/10/2016 12:30;0
30/10/2016 12:45;0
30/10/2016 13:00;0
30/10/2016 13:15;0
30/10/2016 13:30;0
30/10/2016 13:45;0
30/10/2016 14:00;0
30/10/2016 14:15;0
30/10/2016 14:30;0
30/10/2016 14:45;0
30/10/2016 15:00;0
30/10/2016 15:15;0
30/10/2016 15:30;0
30/10/2016 15:45;0
30/10/2016 16:00;0
30/10/2016 16:15;0
30/10/2016 16:30;0
30/10/2016 16:45;0
30/10/2016 17:00;0
30/10/2016 17:15;0
30/10/2016 17:30;0
30/10/2016 17:45;0
30/10/2016 18:00;0
30/10/2016 18:15;0
30/10/2016 18:30;0
30/10/2016 18:45;0
30/10/2016 19:00;0
30/10/2016 19:15;0
30/10/2016 19:30;0
30/10/2016 19:45;0
30/10/2016 20:00;0
30/10/2016 20:15;0
30/10/2016 20:30;0
30/10/2016 20:45;0
30/10/2016 21:00;0
30/10/2016 21:15;0
30/10/2016 21:30;0
30/10/2016 21:45;0
30/10/2016 22:00;0
30/10/2016 22:15;0
30/10/2016 22:30;0
30/10/2016 22:45;0
30/10/2016 23:00;0
30/10/2016 23:15;0
30/10/2016 23:30;0
30/10/2016 23:45;0
31/10/2016 00:00;0
31/10/2016 00:15;0
31/10/2016 00:30;0
31/10/2016 00:45;0
31/10/2016 01:00;0
31/10/2016 01:15;0
31/10/2016 01:30;0
31/10/2016 01:45;0
31/10/2016 02:00;0
31/10/2016 02:15;0
31/10/2016 02:30;0
31/10/2016 02:45;0
31/10/2016 03:00;0
31/10/2016 03:15;0
31/10/2016 03:30;0
31/10/2016 03:45;0
31/10/2016 04:00;0
31/10/2016 04:15;0
31/10/2016 04:30;0
31/10/2016 04:45;0
31/10/2016 05:00;0
31/10/2016 05:15;0
31/10/2016 05:30;0
31/10/2016 05:45;0
31/10/2016 06:00;0
31/10/2016 06:15;0
31/10/2016 06:30;0
31/10/2016 06:45;0
31/10/2016 07:00;0
31/10/2016 07:15;0
31/10/2016 07:30;0
31/10/2016 07:45;0
31/10/2016 08:00;0
31/10/2016 08:15;0
31/10/2016 08:30;0
31/10/2016 08:45;0
31/10/2016 09:00;0
31/10/2016 09:15;0
31/10/2016 09:30;0
31/10/2016 09:45;0
31/10/2016 10:00;0
31/10/2016 10:15;0
31/10/2016 10:30;0
31/10/2016 10:45;0
31/10/2016 11:00;0
31/10/2016 11:15;0
31/10/2016 11:30;0
31/10/2016 11:45;0
31/10/2016 12:00;0
31/10/2016 12:15;0
31/10/2016 12:30;0
31/10/2016 12:45;0
31/10/2016 13:00;0
31/10/2016 13:15;0
31/10/2016 13:30;0
31/10/2016 13:45;0
31/10/2016 14:00;0
31/10/2016 14:15;0
31/10/2016 14:30;0
31/10/2016 14:45;0
31/10/2016 15:00;0
31/10/2016 15:15;0
31/10/2016 15:30;0
31/10/2016 15:45;0
31/10/2016 16:00;0
31/10/2016 16:15;0
31/10/2016 16:30;0
31/10/2016 16:45;0
31/10/2016 17:00;0
31/10/2016 17:15;0
31/10/2016 17:30;0
31/10/2016 17:45;0
31/10/2016 18:00;0
31/10/2016 18:15;0
31/10/2016 18:30;0
31/10/2016 18:45;0
31/10/2016 19:00;0
31/10/2016 19:15;0
31/10/2016 19:30;0
31/10/2016 19:45;0
31/10/2016 20:00;0
31/10/2016 20:15;0
31/10/2016 20:30;0
31/10/2016 20:45;0
31/10/2016 21:00;0
31/10/2016 21:15;0
31/10/2016 21:30;0
31/10/2016 21:45;0
31/10/2016 22:00;0
31/10/2016 22:15;0
31/10/2016 22:30;0
31/10/2016 22:45;0
31/10/2016 23:00;0
31/10/2016 23:15;0
31/10/2016 23:30;0
31/10/2016 23:45;0
01/08/2022 00:00;0
01/08/2022 00:15;0
01/08/2022 00:30;0
01/08/2022 00:45;0
01/08/2022 01:00;0
01/08/2022 01:15;0
01/08/2022 01:30;0
01/08/2022 01:45;0
01/08/2022 02:00;0
01/08/2022 02:15;0
01/08/2022 02:30;0
01/08/2022 02:45;0
01/08/2022 03:00;0
01/08/2022 03:15;0
01/08/2022 03:30;0
01/08/2022 03:45;0
01/08/2022 04:00;0
01/08/2022 04:15;0
01/08/2022 04:30;0
01/08/2022 04:45;0
01/08/2022 05:00;0
01/08/2022 05:15;0
01/08/2022 05:30;0
01/08/2022 05:45;0
01/08/2022 06:00;0
01/08/2022 06:15;0
01/08/2022 06:30;0
01/08/2022 06:45;0
01/08/2022 07:00;0
01/08/2022 07:15;0
01/08/2022 07:30;0
01/08/2022 07:45;0
01/08/2022 08:00;0
01/08/2022 08:15;0
01/08/2022 08:30;0
01/08/2022 08:45;0
01/08/2022 09:00;0
01/08/2022 09:15;0
01/08/2022 09:30;0
01/08/2022 09:45;0
01/08/2022 10:00;0
01/08/2022 10:15;0
01/08/2022 10:30;0
01/08/2022 10:45;0
01/08/2022 11:00;0
01/08/2022 11:15;0
01/08/2022 11:30;0
01/08/2022 11:45;0
01/08/2022 12:00;0
01/08/2022 12:15;0
01/08/2022 12:30;0
01/08/2022 12:45;0
01/08/2022 13:00;0
01/08/2022 13:15;0
01/08/2022 13:30;0
01/08/2022 13:45;0
01/08/2022 14:00;0
01/08/2022 14:15;0
01/08/2022 14:30;0
01/08/2022 14:45;0
01/08/2022 15:00;0
01/08/2022 15:15;0
01/08/2022 15:30;0
01/08/2022 15:45;0
01/08/2022 16:00;0
01/08/2022 16:15;0
01/08/2022 16:30;0
01/08/2022 16:45;0
01/08/2022 17:00;0
01/08/2022 17:15;0
01/08/2022 17:30;0
01/08/2022 17:45;0
01/08/2022 18:00;0
01/08/2022 18:15;0
01/08/2022 18:30;0
01/08/2022 18:45;0
01/08/2022 19:00;0
01/08/2022 19:15;0
01/08/2022 19:30;0
01/08/2022 19:45;0
01/08/2022 20:00;0
01/08/2022 20:15;0
01/08/2022 20:30;0
01/08/2022 20:45;0
01/08/2022 21:00;0
01/08/2022 21:15;0
01/08/2022 21:30;0
01/08/2022 21:45;0
01/08/2022 22:00;0
01/08/2022 22:15;0
01/08/2022 22:30;0
01/08/2022 22:45;0
01/08/2022 23:00;0
01/08/2022 23:15;0
01/08/2022 23:30;0
01/08/2022 23:45;0
02/08/2022 00:00;0
02/08/2022 00:15;0
02/08/2022 00:30;0
02/08/2022 00:45;0
02/08/2022 01:00;0
02/08/2022 01:15;0
02/08/2022 01:30;0
02/08/2022 01:45;0
02/08/2022 02:00;0
02/08/2022 02:15;0
02/08/2022 02:30;0
02/08/2022 02:45;0
02/08/2022 03:00;0
02/08/2022 03:15;0
02/08/2022 03:30;0
02/08/2022 03:45;0
02/08/2022 04:00;0
02/08/2022 04:15;0
02/08/2022 04:30;0
02/08/2022 04:45;0
02/08/2022 05:00;0
02/08/2022 05:15;0
02/08/2022 05:30;0
02/08/2022 05:45;0
02/08/2022 06:00;0
02/08/2022 06:15;0
02/08/2022 06:30;0
02/08/2022 06:45;0
02/08/2022 07:00;0
02/08/2022 07:15;0
02/08/2022 07:30;0
02/08/2022 07:45;0
02/08/2022 08:00;0
02/08/2022 08:15;0
02/08/2022 08:30;0
02/08/2022 08:45;0
02/08/2022 09:00;0
02/08/2022 09:15;0
02/08/2022 09:30;0
02/08/2022 09:45;0
02/08/2022 10:00;0
02/08/2022 10:15;0
02/08/2022 10:30;0
02/08/2022 10:45;0
02/08/2022 11:00;0
02/08/2022 11:15;0
02/08/2022 11:30;0
02/08/2022 11:45;0
02/08/2022 12:00;0
02/08/2022 12:15;0
02/08/2022 12:30;0
02/08/2022 12:45;0
02/08/2022 13:00;0
02/08/2022 13:15;0
02/08/2022 13:30;0
02/08/2022 13:45;0
02/08/2022 14:00;0
02/08/2022 14:15;0
02/08/2022 14:30;0
02/08/2022 14:45;0
02/08/2022 15:00;0
02/08/2022 15:15;0
02/08/2022 15:30;0
02/08/2022 15:45;0
02/08/2022 16:00;0
02/08/2022 16:15;0
02/08/2022 16:30;0
02/08/2022 16:45;0
02/08/2022 17:00;0
02/08/2022 17:15;0
02/08/2022 17:30;0
02/08/2022 17:45;0
02/08/2022 18:00;0
02/08/2022 18:15;0
02/08/2022 18:30;0
02/08/2022 18:45;0
02/08/2022 19:00;0
02/08/2022 19:15;0
02/08/2022 19:30;0
02/08/2022 19:45;0
02/08/2022 20:00;0
02/08/2022 20:15;0
02/08/2022 20:30;0
02/08/2022 20:45;0
02/08/2022 21:00;0
02/08/2022 21:15;0
02/08/2022 21:30;0
02/08/2022 21:45;0
02/08/2022 22:00;0
02/08/2022 22:15;0
02/08/2022 22:30;0
02/08/2022 22:45;0
02/08/2022 23:00;0
02/08/2022 23:15;0
02/08/2022 23:30;0
02/08/2022 23:45;0
03/08/2022 00:00;0
03/08/2022 00:15;0
03/08/2022 00:30;0
03/08/2022 00:45;0
03/08/2022 01:00;0
03/08/2022 01:15;0
03/08/2022 01:30;0
03/08/2022 01:45;0
03/08/2022 02:00;0
03/08/2022 02:15;0
03/08/2022 02:30;0
03/08/2022 02:45;0
03/08/2022 03:00;0
03/08/2022 03:15;0
03/08/2022 03:30;0
03/08/2022 03:45;0
03/08/2022 04:00;0
03/08/2022 04:15;0
03/08/2022 04:30;0
03/08/2022 04:45;0
03/08/2022 05:00;0
03/08/2022 05:15;0
03/08/2022 05:30;0
03/08/2022 05:45;0
03/08/2022 06:00;0
03/08/2022 06:15;0
03/08/2022 06:30;0
03/08/2022 06:45;0
03/08/2022 07:00;0
03/08/2022 07:15;0
03/08/2022 07:30;0
03/08/2022 07:45;0
03/08/2022 08:00;0
03/08/2022 08:15;0
03/08/2022 08:30;0
03/08/2022 08:45;0
03/08/2022 09:00;0
03/08/2022 09:15;0
03/08/2022 09:30;0
03/08/2022 09:45;0
03/08/2022 10:00;0
03/08/2022 10:15;0
03/08/2022 10:30;0
03/08/2022 10:45;0
03/08/2022 11:00;0
03/08/2022 11:15;0
03/08/2022 11:30;0
03/08/2022 11:45;0
03/08/2022 12:00;0
03/08/2022 12:15;0
03/08/2022 12:30;0
03/08/2022 12:45;0
03/08/2022 13:00;0
03/08/2022 13:15;0
03/08/2022 13:30;0
03/08/2022 13:45;0
03/08/2022 14:00;0
03/08/2022 14:15;0
03/08/2022 14:30;0
03/08/2022 14:45;0
03/08/2022 15:00;0
03/08/2022 15:15;0
03/08/2022 15:30;0
03/08/2022 15:45;0
03/08/2022 16:00;0
03/08/2022 16:15;0
03/08/2022 16:30;0
03/08/2022 16:45;0
03/08/2022 17:00;0
03/08/2022 17:15;0
03/08/2022 17:30;0
03/08/2022 17:45;0
03/08/2022 18:00;0
03/08/2022 18:15;0
03/08/2022 18:30;0
03/08/2022 18:45;0
03/08/2022 19:00;0
03/08/2022 19:15;0
03/08/2022 19:30;0
03/08/2022 19:45;0
03/08/2022 20:00;0
03/08/2022 20:15;0
03/08/2022 20:30;0
03/08/2022 20:45;0
03/08/2022 21:00;0
03/08/2022 21:15;0
03/08/2022 21:30;0
03/08/2022 21:45;0
03/08/2022 22:00;0
03/08/2022 22:15;0
03/08/2022 22:30;0
03/08/2022 22:45;0
03/08/2022 23:00;0
03/08/2022 23:15;0
03/08/2022 23:30;0
03/08/2022 23:45;0
04/08/2022 00:00;0
04/08/2022 00:15;0
04/08/2022 00:30;0
04/08/2022 00:45;0
04/08/2022 01:00;0
04/08/2022 01:15;0
04/08/2022 01:30;0
04/08/2022 01:45;0
04/08/2022 02:00;0
04/08/2022 02:15;0
04/08/2022 02:30;0
04/08/2022 02:45;0
04/08/2022 03:00;0
04/08/2022 03:15;0
04/08/2022 03:30;0
04/08/2022 03:45;0
04/08/2022 04:00;0
04/08/2022 04:15;0
04/08/2022 04:30;0
04/08/2022 04:45;0
04/08/2022 05:00;0
04/08/2022 05:15;0
04/08/2022 05:30;0
04/08/2022 05:45;0
04/08/2022 06:00;0
04/08/2022 06:15;0
04/08/2022 06:30;0
04/08/2022 06:45;0
04/08/2022 07:00;0
04/08/2022 07:15;0
04/08/2022 07:30;0
04/08/2022 07:45;0
04/08/2022 08:00;0
04/08/2022 08:15;0
04/08/2022 08:30;0
04/08/2022 08:45;0
04/08/2022 09:00;0
04/08/2022 09:15;0
04/08/2022 09:30;0
04/08/2022 09:45;0
04/08/2022 10:00;0
04/08/2022 10:15;0
04/08/2022 10:30;0
04/08/2022 10:45;0
04/08/2022 11:00;0
04/08/2022 11:15;0
04/08/2022 11:30;0
04/08/2022 11:45;0
04/08/2022 12:00;0
04/08/2022 12:15;0
04/08/2022 12:30;0
04/08/2022 12:45;0
04/08/2022 13:00;0
04/08/2022 13:15;0
04/08/2022 13:30;0
04/08/2022 13:45;0
04/08/2022 14:00;0
04/08/2022 14:15;0
04/08/2022 14:30;0
04/08/2022 14:45;0
04/08/2022 15:00;0
04/08/2022 15:15;0
04/08/2022 15:30;0
04/08/2022 15:45;0
04/08/2022 16:00;0
04/08/2022 16:15;0
04/08/2022 16:30;0
04/08/2022 16:45;0
04/08/2022 17:00;0
04/08/2022 17:15;0
04/08/2022 17:30;0
04/08/2022 17:45;0
04/08/2022 18:00;0
04/08/2022 18:15;0
04/08/2022 18:30;0
04/08/2022 18:45;0
04/08/2022 19:00;0
04/08/2022 19:15;0
04/08/2022 19:30;0
04/08/2022 19:45;0
04/08/2022 20:00;0
04/08/2022 20:15;0
04/08/2022 20:30;0
04/08/2022 20:45;0
04/08/2022 21:00;0
04/08/2022 21:15;0
04/08/2022 21:30;0
04/08/2022 21:45;0
04/08/2022 22:00;0
04/08/2022 22:15;0
04/08/2022 22:30;0
04/08/2022 22:45;0
04/08/2022 23:00;0
04/08/2022 23:15;0
04/08/2022 23:30;0
04/08/2022 23:45;0
05/08/2022 00:00;0
05/08/2022 00:15;0
05/08/2022 00:30;0
05/08/2022 00:45;0
05/08/2022 01:00;0
05/08/2022 01:15;0
05/08/2022 01:30;0
05/08/2022 01:45;0
05/08/2022 02:00;0
05/08/2022 02:15;0
05/08/2022 02:30;0
05/08/2022 02:45;0
05/08/2022 03:00;0
05/08/2022 03:15;0
05/08/2022 03:30;0
05/08/2022 03:45;0
05/08/2022 04:00;0
05/08/2022 04:15;0
05/08/2022 04:30;0
05/08/2022 04:45;0
05/08/2022 05:00;0
05/08/2022 05:15;0
05/08/2022 05:30;0
05/08/2022 05:45;0
05/08/2022 06:00;0
05/08/2022 06:15;0
05/08/2022 06:30;0
05/08/2022 06:45;0
05/08/2022 07:00;0
05/08/2022 07:15;0
05/08/2022 07:30;0
05/08/2022 07:45;0
05/08/2022 08:00;0
05/08/2022 08:15;0
05/08/2022 08:30;0
05/08/2022 08:45;0
05/08/2022 09:00;0
05/08/2022 09:15;0
05/08/2022 09:30;0
05/08/2022 09:45;0
05/08/2022 10:00;0
05/08/2022 10:15;0
05/08/2022 10:30;0
05/08/2022 10:45;0
05/08/2022 11:00;0
05/08/2022 11:15;0.00752315633855041
05/08/2022 11:30;0
05/08/2022 11:45;0
05/08/2022 12:00;0
05/08/2022 12:15;0
05/08/2022 12:30;0
05/08/2022 12:45;0
05/08/2022 13:00;3.3248697683807
05/08/2022 13:15;3.19763473122343
05/08/2022 13:30;0
05/08/2022 13:45;0.102566135462159
05/08/2022 14:00;0
05/08/2022 14:15;0.191202248322247
05/08/2022 14:30;0
05/08/2022 14:45;0
05/08/2022 15:00;0
05/08/2022 15:15;0
05/08/2022 15:30;0
05/08/2022 15:45;0
05/08/2022 16:00;0
05/08/2022 16:15;0
05/08/2022 16:30;0
05/08/2022 16:45;0
05/08/2022 17:00;0
05/08/2022 17:15;0
05/08/2022 17:30;0
05/08/2022 17:45;0
05/08/2022 18:00;0
05/08/2022 18:15;0
05/08/2022 18:30;0
05/08/2022 18:45;0
05/08/2022 19:00;0
05/08/2022 19:15;0
05/08/2022 19:30;0.645617602318341
05/08/2022 19:45;1.66657477768325
05/08/2022 20:00;0.0140764069283901
05/08/2022 20:15;0
05/08/2022 20:30;0
05/08/2022 20:45;0
05/08/2022 21:00;0
05/08/2022 21:15;0
05/08/2022 21:30;0
05/08/2022 21:45;0
05/08/2022 22:00;0
05/08/2022 22:15;0
05/08/2022 22:30;0
05/08/2022 22:45;0
05/08/2022 23:00;0
05/08/2022 23:15;0
05/08/2022 23:30;0
05/08/2022 23:45;0
06/08/2022 00:00;0
06/08/2022 00:15;0
06/08/2022 00:30;0
06/08/2022 00:45;0
06/08/2022 01:00;0
06/08/2022 01:15;0
06/08/2022 01:30;0
06/08/2022 01:45;0
06/08/2022 02:00;0
06/08/2022 02:15;0
06/08/2022 02:30;0
06/08/2022 02:45;0
06/08/2022 03:00;0
06/08/2022 03:15;0
06/08/2022 03:30;0
06/08/2022 03:45;0
06/08/2022 04:00;0
06/08/2022 04:15;0
06/08/2022 04:30;0
06/08/2022 04:45;0
06/08/2022 05:00;0
06/08/2022 05:15;0
06/08/2022 05:30;0
06/08/2022 05:45;0
06/08/2022 06:00;0
06/08/2022 06:15;0
06/08/2022 06:30;0
06/08/2022 06:45;0
06/08/2022 07:00;0
06/08/2022 07:15;0
06/08/2022 07:30;0
06/08/2022 07:45;0
06/08/2022 08:00;0
06/08/2022 08:15;0
06/08/2022 08:30;0
06/08/2022 08:45;0
06/08/2022 09:00;0
06/08/2022 09:15;0
06/08/2022 09:30;0
06/08/2022 09:45;0
06/08/2022 10:00;0
06/08/2022 10:15;0
06/08/2022 10:30;0
06/08/2022 10:45;0
06/08/2022 11:00;0
06/08/2022 11:15;0
06/08/2022 11:30;0
06/08/2022 11:45;0
06/08/2022 12:00;0
06/08/2022 12:15;0
06/08/2022 12:30;0
06/08/2022 12:45;2.19520689314906
06/08/2022 13:00;11.2489562668562
06/08/2022 13:15;1.54530313026504
06/08/2022 13:30;0.801989547655911
06/08/2022 13:45;2.75990370690408
06/08/2022 14:00;3.13286714453154
06/08/2022 14:15;0.813134710564379
06/08/2022 14:30;1.5819865264611
06/08/2022 14:45;1.11292621887334
06/08/2022 15:00;0.723794508880431
06/08/2022 15:15;0.0018807890846376
06/08/2022 15:30;0.0018807890846376
06/08/2022 15:45;0.0018807890846376
06/08/2022 16:00;0.0018807890846376
06/08/2022 16:15;0
06/08/2022 16:30;0
06/08/2022 16:45;0
06/08/2022 17:00;0
06/08/2022 17:15;0
06/08/2022 17:30;0
06/08/2022 17:45;0
06/08/2022 18:00;0
06/08/2022 18:15;0
06/08/2022 18:30;0
06/08/2022 18:45;0
06/08/2022 19:00;0
06/08/2022 19:15;0
06/08/2022 19:30;0
06/08/2022 19:45;0
06/08/2022 20:00;0
06/08/2022 20:15;0
06/08/2022 20:30;0
06/08/2022 20:45;0
06/08/2022 21:00;0
06/08/2022 21:15;0
06/08/2022 21:30;0
06/08/2022 21:45;0
06/08/2022 22:00;0
06/08/2022 22:15;0
06/08/2022 22:30;0
06/08/2022 22:45;0
06/08/2022 23:00;0
06/08/2022 23:15;0
06/08/2022 23:30;0
06/08/2022 23:45;0
07/08/2022 00:00;0
07/08/2022 00:15;0
07/08/2022 00:30;0
07/08/2022 00:45;0
07/08/2022 01:00;0
07/08/2022 01:15;0
07/08/2022 01:30;0
07/08/2022 01:45;0
07/08/2022 02:00;0
07/08/2022 02:15;0
07/08/2022 02:30;0
07/08/2022 02:45;0
07/08/2022 03:00;0
07/08/2022 03:15;0
07/08/2022 03:30;0
07/08/2022 03:45;0
07/08/2022 04:00;0
07/08/2022 04:15;0
07/08/2022 04:30;0
07/08/2022 04:45;0
07/08/2022 05:00;0
07/08/2022 05:15;0
07/08/2022 05:30;0
07/08/2022 05:45;0
07/08/2022 06:00;0
07/08/2022 06:15;0
07/08/2022 06:30;0
07/08/2022 06:45;0
07/08/2022 07:00;0
07/08/2022 07:15;0
07/08/2022 07:30;0
07/08/2022 07:45;0
07/08/2022 08:00;0
07/08/2022 08:15;0
07/08/2022 08:30;0
07/08/2022 08:45;0
07/08/2022 09:00;0
07/08/2022 09:15;0
07/08/2022 09:30;0
07/08/2022 09:45;0
07/08/2022 10:00;0
07/08/2022 10:15;0
07/08/2022 10:30;0
07/08/2022 10:45;0
07/08/2022 11:00;0
07/08/2022 11:15;0
07/08/2022 11:30;0
07/08/2022 11:45;0
07/08/2022 12:00;0
07/08/2022 12:15;0
07/08/2022 12:30;0
07/08/2022 12:45;0
07/08/2022 13:00;0
07/08/2022 13:15;0
07/08/2022 13:30;0.0030092624233164
07/08/2022 13:45;0.0177195384827603
07/08/2022 14:00;0.0119130205264768
07/08/2022 14:15;0.00752315633855041
07/08/2022 14:30;0
07/08/2022 14:45;0
07/08/2022 15:00;0
07/08/2022 15:15;0.00219943866449643
07/08/2022 15:30;0.00219943866449643
07/08/2022 15:45;0.00219943866449643
07/08/2022 16:00;0.00219943866449643
07/08/2022 16:15;0.00290325897814175
07/08/2022 16:30;0
07/08/2022 16:45;0.0468523269378138
07/08/2022 17:00;0.773964064685609
07/08/2022 17:15;0.200758151458153
07/08/2022 17:30;0.0443339940381249
07/08/2022 17:45;0.133838772706395
07/08/2022 18:00;0
07/08/2022 18:15;0.812386498581923
07/08/2022 18:30;5.19171268991544
07/08/2022 18:45;1.40108667353754
07/08/2022 19:00;0.131528862346099
07/08/2022 19:15;0
07/08/2022 19:30;0
07/08/2022 19:45;0
07/08/2022 20:00;0
07/08/2022 20:15;0
07/08/2022 20:30;0
07/08/2022 20:45;0
07/08/2022 21:00;0
07/08/2022 21:15;0
07/08/2022 21:30;0
07/08/2022 21:45;0
07/08/2022 22:00;0
07/08/2022 22:15;0
07/08/2022 22:30;0
07/08/2022 22:45;0
07/08/2022 23:00;0
07/08/2022 23:15;0
07/08/2022 23:30;0
07/08/2022 23:45;0
08/08/2022 00:00;0
08/08/2022 00:15;0
08/08/2022 00:30;0
08/08/2022 00:45;0
08/08/2022 01:00;0
08/08/2022 01:15;0
08/08/2022 01:30;0
08/08/2022 01:45;0
08/08/2022 02:00;0
08/08/2022 02:15;0
08/08/2022 02:30;0
08/08/2022 02:45;0
08/08/2022 03:00;0
08/08/2022 03:15;0
08/08/2022 03:30;0
08/08/2022 03:45;0
08/08/2022 04:00;0
08/08/2022 04:15;0
08/08/2022 04:30;0
08/08/2022 04:45;0
08/08/2022 05:00;0
08/08/2022 05:15;0
08/08/2022 05:30;0
08/08/2022 05:45;0
08/08/2022 06:00;0
08/08/2022 06:15;0
08/08/2022 06:30;0
08/08/2022 06:45;0
08/08/2022 07:00;0
08/08/2022 07:15;0
08/08/2022 07:30;0
08/08/2022 07:45;0
08/08/2022 08:00;0
08/08/2022 08:15;0
08/08/2022 08:30;0
08/08/2022 08:45;0
08/08/2022 09:00;0
08/08/2022 09:15;0
08/08/2022 09:30;0
08/08/2022 09:45;0
08/08/2022 10:00;0
08/08/2022 10:15;0
08/08/2022 10:30;0
08/08/2022 10:45;0
08/08/2022 11:00;0
08/08/2022 11:15;0
08/08/2022 11:30;0
08/08/2022 11:45;0
08/08/2022 12:00;0
08/08/2022 12:15;0
08/08/2022 12:30;0
08/08/2022 12:45;0
08/08/2022 13:00;0
08/08/2022 13:15;0
08/08/2022 13:30;0
08/08/2022 13:45;0
08/08/2022 14:00;0
08/08/2022 14:15;0
08/08/2022 14:30;0
08/08/2022 14:45;0
08/08/2022 15:00;0
08/08/2022 15:15;0
08/08/2022 15:30;0
08/08/2022 15:45;0
08/08/2022 16:00;0
08/08/2022 16:15;0
08/08/2022 16:30;0
08/08/2022 16:45;0
08/08/2022 17:00;0
08/08/2022 17:15;0
08/08/2022 17:30;0
08/08/2022 17:45;0
08/08/2022 18:00;0
08/08/2022 18:15;0
08/08/2022 18:30;0
08/08/2022 18:45;0
08/08/2022 19:00;0
08/08/2022 19:15;0
08/08/2022 19:30;0
08/08/2022 19:45;0
08/08/2022 20:00;0
08/08/2022 20:15;0
08/08/2022 20:30;0
08/08/2022 20:45;0
08/08/2022 21:00;0
08/08/2022 21:15;0
08/08/2022 21:30;0
08/08/2022 21:45;0
08/08/2022 22:00;0
08/08/2022 22:15;0
08/08/2022 22:30;0
08/08/2022 22:45;0
08/08/2022 23:00;0
08/08/2022 23:15;0
08/08/2022 23:30;0
08/08/2022 23:45;0
09/08/2022 00:00;0
09/08/2022 00:15;0
09/08/2022 00:30;0
09/08/2022 00:45;0
09/08/2022 01:00;0
09/08/2022 01:15;0
09/08/2022 01:30;0
09/08/2022 01:45;0
09/08/2022 02:00;0
09/08/2022 02:15;0
09/08/2022 02:30;0
09/08/2022 02:45;0
09/08/2022 03:00;0
09/08/2022 03:15;0
09/08/2022 03:30;0
09/08/2022 03:45;0
09/08/2022 04:00;0
09/08/2022 04:15;0
09/08/2022 04:30;0
09/08/2022 04:45;0
09/08/2022 05:00;0
09/08/2022 05:15;0
09/08/2022 05:30;0
09/08/2022 05:45;0
09/08/2022 06:00;0
09/08/2022 06:15;0
09/08/2022 06:30;0
09/08/2022 06:45;0
09/08/2022 07:00;0
09/08/2022 07:15;0
09/08/2022 07:30;0
09/08/2022 07:45;0
09/08/2022 08:00;0
09/08/2022 08:15;0
09/08/2022 08:30;0
09/08/2022 08:45;0
09/08/2022 09:00;0
09/08/2022 09:15;0
09/08/2022 09:30;0
09/08/2022 09:45;0
09/08/2022 10:00;0
09/08/2022 10:15;0
09/08/2022 10:30;0
09/08/2022 10:45;0
09/08/2022 11:00;0
09/08/2022 11:15;0
09/08/2022 11:30;0
09/08/2022 11:45;0
09/08/2022 12:00;0
09/08/2022 12:15;0
09/08/2022 12:30;0
09/08/2022 12:45;0
09/08/2022 13:00;0
09/08/2022 13:15;0
09/08/2022 13:30;0
09/08/2022 13:45;0
09/08/2022 14:00;0
09/08/2022 14:15;0
09/08/2022 14:30;0
09/08/2022 14:45;0
09/08/2022 15:00;0
09/08/2022 15:15;0
09/08/2022 15:30;0.433980807028007
09/08/2022 15:45;0.227751533848593
09/08/2022 16:00;3.08130700898591
09/08/2022 16:15;2.5887832527328
09/08/2022 16:30;0.656279222863477
09/08/2022 16:45;0
09/08/2022 17:00;0
09/08/2022 17:15;0
09/08/2022 17:30;2.74825910061674
09/08/2022 17:45;9.37581274369479
09/08/2022 18:00;9.13188586978993
09/08/2022 18:15;7.39500816262499
09/08/2022 18:30;1.6629304038803
09/08/2022 18:45;1.24986868435405
09/08/2022 19:00;1.18749259502578
09/08/2022 19:15;0
09/08/2022 19:30;0
09/08/2022 19:45;0
09/08/2022 20:00;0
09/08/2022 20:15;0
09/08/2022 20:30;0
09/08/2022 20:45;0
09/08/2022 21:00;0
09/08/2022 21:15;0
09/08/2022 21:30;0
09/08/2022 21:45;0
09/08/2022 22:00;0
09/08/2022 22:15;0
09/08/2022 22:30;0
09/08/2022 22:45;0
09/08/2022 23:00;0
09/08/2022 23:15;0
09/08/2022 23:30;0
09/08/2022 23:45;0
10/08/2022 00:00;0
10/08/2022 00:15;0
10/08/2022 00:30;0
10/08/2022 00:45;0
10/08/2022 01:00;0
10/08/2022 01:15;0
10/08/2022 01:30;0
10/08/2022 01:45;0
10/08/2022 02:00;0
10/08/2022 02:15;0
10/08/2022 02:30;0
10/08/2022 02:45;0
10/08/2022 03:00;0
10/08/2022 03:15;0
10/08/2022 03:30;0
10/08/2022 03:45;0
10/08/2022 04:00;0
10/08/2022 04:15;0
10/08/2022 04:30;0
10/08/2022 04:45;0
10/08/2022 05:00;0
10/08/2022 05:15;0
10/08/2022 05:30;0
10/08/2022 05:45;0
10/08/2022 06:00;0
10/08/2022 06:15;0
10/08/2022 06:30;0
10/08/2022 06:45;0
10/08/2022 07:00;0
10/08/2022 07:15;0
10/08/2022 07:30;0
10/08/2022 07:45;0
10/08/2022 08:00;0
10/08/2022 08:15;0
10/08/2022 08:30;0
10/08/2022 08:45;0
10/08/2022 09:00;0
10/08/2022 09:15;0
10/08/2022 09:30;0
10/08/2022 09:45;0
10/08/2022 10:00;0
10/08/2022 10:15;0
10/08/2022 10:30;0
10/08/2022 10:45;0
10/08/2022 11:00;0
10/08/2022 11:15;0
10/08/2022 11:30;0
10/08/2022 11:45;0
10/08/2022 12:00;0
10/08/2022 12:15;0.400000005960464
10/08/2022 12:30;0
10/08/2022 12:45;0
10/08/2022 13:00;0
10/08/2022 13:15;0
10/08/2022 13:30;0
10/08/2022 13:45;0
10/08/2022 14:00;0
10/08/2022 14:15;0
10/08/2022 14:30;0.08367909049358
10/08/2022 14:45;0
10/08/2022 15:00;0
10/08/2022 15:15;0
10/08/2022 15:30;0
10/08/2022 15:45;0
10/08/2022 16:00;0
10/08/2022 16:15;0
10/08/2022 16:30;0
10/08/2022 16:45;0
10/08/2022 17:00;0
10/08/2022 17:15;0
10/08/2022 17:30;0
10/08/2022 17:45;0
10/08/2022 18:00;0
10/08/2022 18:15;0
10/08/2022 18:30;0
10/08/2022 18:45;0
10/08/2022 19:00;0
10/08/2022 19:15;0
10/08/2022 19:30;0
10/08/2022 19:45;0
10/08/2022 20:00;0
10/08/2022 20:15;0
10/08/2022 20:30;0
10/08/2022 20:45;0
10/08/2022 21:00;0
10/08/2022 21:15;0
10/08/2022 21:30;0
10/08/2022 21:45;0
10/08/2022 22:00;0
10/08/2022 22:15;0
10/08/2022 22:30;0
10/08/2022 22:45;0
10/08/2022 23:00;0
10/08/2022 23:15;0
10/08/2022 23:30;0
10/08/2022 23:45;0
11/08/2022 00:00;0
11/08/2022 00:15;0
11/08/2022 00:30;0
11/08/2022 00:45;0
11/08/2022 01:00;0
11/08/2022 01:15;0
11/08/2022 01:30;0
11/08/2022 01:45;0
11/08/2022 02:00;0
11/08/2022 02:15;0
11/08/2022 02:30;0
11/08/2022 02:45;0
11/08/2022 03:00;0
11/08/2022 03:15;0
11/08/2022 03:30;0
11/08/2022 03:45;0
11/08/2022 04:00;0
11/08/2022 04:15;0
11/08/2022 04:30;0
11/08/2022 04:45;0
11/08/2022 05:00;0
11/08/2022 05:15;0
11/08/2022 05:30;0
11/08/2022 05:45;0
11/08/2022 06:00;0
11/08/2022 06:15;0
11/08/2022 06:30;0
11/08/2022 06:45;0
11/08/2022 07:00;0
11/08/2022 07:15;0
11/08/2022 07:30;0
11/08/2022 07:45;0
11/08/2022 08:00;0
11/08/2022 08:15;0
11/08/2022 08:30;0
11/08/2022 08:45;0
11/08/2022 09:00;0
11/08/2022 09:15;0
11/08/2022 09:30;0
11/08/2022 09:45;0
11/08/2022 10:00;0
11/08/2022 10:15;0
11/08/2022 10:30;0
11/08/2022 10:45;0
11/08/2022 11:00;0
11/08/2022 11:15;0
11/08/2022 11:30;0
11/08/2022 11:45;0
11/08/2022 12:00;0
11/08/2022 12:15;0
11/08/2022 12:30;0
11/08/2022 12:45;0
11/08/2022 13:00;0
11/08/2022 13:15;0
11/08/2022 13:30;0
11/08/2022 13:45;0
11/08/2022 14:00;0
11/08/2022 14:15;0
11/08/2022 14:30;0
11/08/2022 14:45;0
11/08/2022 15:00;0.42639326796797
11/08/2022 15:15;0
11/08/2022 15:30;0.529153416140017
11/08/2022 15:45;0.847477187976424
11/08/2022 16:00;0
11/08/2022 16:15;0
11/08/2022 16:30;0
11/08/2022 16:45;0.576155953419282
11/08/2022 17:00;0
11/08/2022 17:15;0
11/08/2022 17:30;0
11/08/2022 17:45;0
11/08/2022 18:00;0
11/08/2022 18:15;0
11/08/2022 18:30;0
11/08/2022 18:45;0.242714179822212
11/08/2022 19:00;0
11/08/2022 19:15;1.14944141319651
11/08/2022 19:30;1.00781833328965
11/08/2022 19:45;1.28253076174553
11/08/2022 20:00;1.09815050130525
11/08/2022 20:15;0
11/08/2022 20:30;0
11/08/2022 20:45;0
11/08/2022 21:00;0
11/08/2022 21:15;0
11/08/2022 21:30;0
11/08/2022 21:45;0
11/08/2022 22:00;0
11/08/2022 22:15;0
11/08/2022 22:30;0
11/08/2022 22:45;0
11/08/2022 23:00;0
11/08/2022 23:15;0
11/08/2022 23:30;0
11/08/2022 23:45;0
12/08/2022 00:00;0
12/08/2022 00:15;0
12/08/2022 00:30;0
12/08/2022 00:45;0
12/08/2022 01:00;0
12/08/2022 01:15;0
12/08/2022 01:30;0
12/08/2022 01:45;0
12/08/2022 02:00;0
12/08/2022 02:15;0
12/08/2022 02:30;0
12/08/2022 02:45;0
12/08/2022 03:00;0
12/08/2022 03:15;0
12/08/2022 03:30;0
12/08/2022 03:45;0
12/08/2022 04:00;0
12/08/2022 04:15;0
12/08/2022 04:30;0
12/08/2022 04:45;0
12/08/2022 05:00;0
12/08/2022 05:15;0
12/08/2022 05:30;0
12/08/2022 05:45;0
12/08/2022 06:00;0
12/08/2022 06:15;0
12/08/2022 06:30;0
12/08/2022 06:45;0
12/08/2022 07:00;0
12/08/2022 07:15;0
12/08/2022 07:30;0
12/08/2022 07:45;0
12/08/2022 08:00;0
12/08/2022 08:15;0
12/08/2022 08:30;0
12/08/2022 08:45;0
12/08/2022 09:00;0
12/08/2022 09:15;0
12/08/2022 09:30;0
12/08/2022 09:45;0
12/08/2022 10:00;0
12/08/2022 10:15;0
12/08/2022 10:30;0
12/08/2022 10:45;0
12/08/2022 11:00;0
12/08/2022 11:15;0
12/08/2022 11:30;0
12/08/2022 11:45;0
12/08/2022 12:00;0
12/08/2022 12:15;0
12/08/2022 12:30;0
12/08/2022 12:45;0
12/08/2022 13:00;0
12/08/2022 13:15;0
12/08/2022 13:30;0
12/08/2022 13:45;0
12/08/2022 14:00;0
12/08/2022 14:15;0
12/08/2022 14:30;0
12/08/2022 14:45;0
12/08/2022 15:00;0
12/08/2022 15:15;0
12/08/2022 15:30;0
12/08/2022 15:45;0
12/08/2022 16:00;0
12/08/2022 16:15;0
12/08/2022 16:30;0
12/08/2022 16:45;0
12/08/2022 17:00;0
12/08/2022 17:15;0
12/08/2022 17:30;0
12/08/2022 17:45;0
12/08/2022 18:00;0
12/08/2022 18:15;0
12/08/2022 18:30;0
12/08/2022 18:45;0
12/08/2022 19:00;0
12/08/2022 19:15;0
12/08/2022 19:30;0
12/08/2022 19:45;0
12/08/2022 20:00;0
12/08/2022 20:15;0
12/08/2022 20:30;0
12/08/2022 20:45;0
12/08/2022 21:00;0
12/08/2022 21:15;0
12/08/2022 21:30;0
12/08/2022 21:45;0
12/08/2022 22:00;0
12/08/2022 22:15;0
12/08/2022 22:30;0
12/08/2022 22:45;0
12/08/2022 23:00;0
12/08/2022 23:15;0
12/08/2022 23:30;0
12/08/2022 23:45;0
13/08/2022 00:00;0
13/08/2022 00:15;0
13/08/2022 00:30;0
13/08/2022 00:45;0
13/08/2022 01:00;0
13/08/2022 01:15;0
13/08/2022 01:30;0
13/08/2022 01:45;0
13/08/2022 02:00;0
13/08/2022 02:15;0
13/08/2022 02:30;0
13/08/2022 02:45;0
13/08/2022 03:00;0
13/08/2022 03:15;0
13/08/2022 03:30;0
13/08/2022 03:45;0
13/08/2022 04:00;0
13/08/2022 04:15;0
13/08/2022 04:30;0
13/08/2022 04:45;0
13/08/2022 05:00;0
13/08/2022 05:15;0
13/08/2022 05:30;0
13/08/2022 05:45;0
13/08/2022 06:00;0
13/08/2022 06:15;0
13/08/2022 06:30;0
13/08/2022 06:45;0
13/08/2022 07:00;0
13/08/2022 07:15;0
13/08/2022 07:30;0
13/08/2022 07:45;0
13/08/2022 08:00;0
13/08/2022 08:15;0
13/08/2022 08:30;0
13/08/2022 08:45;0
13/08/2022 09:00;0
13/08/2022 09:15;0
13/08/2022 09:30;0
13/08/2022 09:45;0
13/08/2022 10:00;0
13/08/2022 10:15;0
13/08/2022 10:30;0
13/08/2022 10:45;0
13/08/2022 11:00;0
13/08/2022 11:15;0
13/08/2022 11:30;0
13/08/2022 11:45;0
13/08/2022 12:00;0
13/08/2022 12:15;0
13/08/2022 12:30;0
13/08/2022 12:45;0
13/08/2022 13:00;0
13/08/2022 13:15;0
13/08/2022 13:30;0
13/08/2022 13:45;0
13/08/2022 14:00;0
13/08/2022 14:15;0
13/08/2022 14:30;0
13/08/2022 14:45;0
13/08/2022 15:00;0
13/08/2022 15:15;0
13/08/2022 15:30;0
13/08/2022 15:45;0
13/08/2022 16:00;0
13/08/2022 16:15;0
13/08/2022 16:30;0
13/08/2022 16:45;0
13/08/2022 17:00;0
13/08/2022 17:15;0
13/08/2022 17:30;0
13/08/2022 17:45;0
13/08/2022 18:00;0
13/08/2022 18:15;0
13/08/2022 18:30;0
13/08/2022 18:45;0
13/08/2022 19:00;0
13/08/2022 19:15;0
13/08/2022 19:30;0
13/08/2022 19:45;0
13/08/2022 20:00;0
13/08/2022 20:15;0
13/08/2022 20:30;0
13/08/2022 20:45;0
13/08/2022 21:00;0
13/08/2022 21:15;0
13/08/2022 21:30;0
13/08/2022 21:45;0
13/08/2022 22:00;0
13/08/2022 22:15;0
13/08/2022 22:30;0
13/08/2022 22:45;0
13/08/2022 23:00;0
13/08/2022 23:15;0
13/08/2022 23:30;0
13/08/2022 23:45;0
14/08/2022 00:00;0
14/08/2022 00:15;0
14/08/2022 00:30;0
14/08/2022 00:45;0
14/08/2022 01:00;0
14/08/2022 01:15;0
14/08/2022 01:30;0
14/08/2022 01:45;0
14/08/2022 02:00;0
14/08/2022 02:15;0
14/08/2022 02:30;0
14/08/2022 02:45;0
14/08/2022 03:00;0
14/08/2022 03:15;0
14/08/2022 03:30;0
14/08/2022 03:45;0
14/08/2022 04:00;0
14/08/2022 04:15;0
14/08/2022 04:30;0
14/08/2022 04:45;0
14/08/2022 05:00;0
14/08/2022 05:15;0
14/08/2022 05:30;0
14/08/2022 05:45;0
14/08/2022 06:00;0
14/08/2022 06:15;0
14/08/2022 06:30;1.66706546044875
14/08/2022 06:45;0.819487381045396
14/08/2022 07:00;0.251062953415187
14/08/2022 07:15;1.69327674673667
14/08/2022 07:30;0
14/08/2022 07:45;0
14/08/2022 08:00;0
14/08/2022 08:15;0
14/08/2022 08:30;0
14/08/2022 08:45;0
14/08/2022 09:00;0
14/08/2022 09:15;0
14/08/2022 09:30;0
14/08/2022 09:45;0
14/08/2022 10:00;0
14/08/2022 10:15;0
14/08/2022 10:30;0
14/08/2022 10:45;0
14/08/2022 11:00;0
14/08/2022 11:15;0.0275180887807552
14/08/2022 11:30;0.0275180887807552
14/08/2022 11:45;0.0275180887807552
14/08/2022 12:00;0.0275180887807552
14/08/2022 12:15;0.0231192112878914
14/08/2022 12:30;0.0231192112878914
14/08/2022 12:45;0.0231192112878914
14/08/2022 13:00;0.0231192112878914
14/08/2022 13:15;0
14/08/2022 13:30;0
14/08/2022 13:45;0
14/08/2022 14:00;0
14/08/2022 14:15;0
14/08/2022 14:30;0
14/08/2022 14:45;0
14/08/2022 15:00;0
14/08/2022 15:15;0
14/08/2022 15:30;0
14/08/2022 15:45;0
14/08/2022 16:00;0
14/08/2022 16:15;0
14/08/2022 16:30;0
14/08/2022 16:45;0
14/08/2022 17:00;0
14/08/2022 17:15;0.725169839921248
14/08/2022 17:30;1.71356029789626
14/08/2022 17:45;1.38665667517235
14/08/2022 18:00;0.973338641235061
14/08/2022 18:15;0.100000001490116
14/08/2022 18:30;0
14/08/2022 18:45;0
14/08/2022 19:00;0
14/08/2022 19:15;0
14/08/2022 19:30;0
14/08/2022 19:45;0
14/08/2022 20:00;0
14/08/2022 20:15;0
14/08/2022 20:30;0
14/08/2022 20:45;0
14/08/2022 21:00;0
14/08/2022 21:15;0
14/08/2022 21:30;0
14/08/2022 21:45;0
14/08/2022 22:00;0
14/08/2022 22:15;0
14/08/2022 22:30;0
14/08/2022 22:45;0
14/08/2022 23:00;0
14/08/2022 23:15;0
14/08/2022 23:30;0
14/08/2022 23:45;0
15/08/2022 00:00;0
15/08/2022 00:15;0
15/08/2022 00:30;0
15/08/2022 00:45;0
15/08/2022 01:00;0
15/08/2022 01:15;0
15/08/2022 01:30;0
15/08/2022 01:45;0
15/08/2022 02:00;0
15/08/2022 02:15;0
15/08/2022 02:30;0
15/08/2022 02:45;0
15/08/2022 03:00;0
15/08/2022 03:15;0
15/08/2022 03:30;0
15/08/2022 03:45;0
15/08/2022 04:00;0
15/08/2022 04:15;0
15/08/2022 04:30;0
15/08/2022 04:45;0
15/08/2022 05:00;0
15/08/2022 05:15;0
15/08/2022 05:30;0
15/08/2022 05:45;0
15/08/2022 06:00;0
15/08/2022 06:15;0
15/08/2022 06:30;0
15/08/2022 06:45;0
15/08/2022 07:00;0
15/08/2022 07:15;0
15/08/2022 07:30;0
15/08/2022 07:45;0
15/08/2022 08:00;0
15/08/2022 08:15;0
15/08/2022 08:30;0
15/08/2022 08:45;0
15/08/2022 09:00;0
15/08/2022 09:15;0
15/08/2022 09:30;0
15/08/2022 09:45;0
15/08/2022 10:00;0
15/08/2022 10:15;0
15/08/2022 10:30;0
15/08/2022 10:45;0
15/08/2022 11:00;0
15/08/2022 11:15;0
15/08/2022 11:30;0
15/08/2022 11:45;0
15/08/2022 12:00;0
15/08/2022 12:15;0
15/08/2022 12:30;0
15/08/2022 12:45;0
15/08/2022 13:00;0
15/08/2022 13:15;0
15/08/2022 13:30;0
15/08/2022 13:45;0
15/08/2022 14:00;0
15/08/2022 14:15;0
15/08/2022 14:30;0
15/08/2022 14:45;0
15/08/2022 15:00;0
15/08/2022 15:15;0
15/08/2022 15:30;0
15/08/2022 15:45;0
15/08/2022 16:00;0
15/08/2022 16:15;0
15/08/2022 16:30;0
15/08/2022 16:45;0
15/08/2022 17:00;0
15/08/2022 17:15;0
15/08/2022 17:30;0
15/08/2022 17:45;0
15/08/2022 18:00;0
15/08/2022 18:15;0
15/08/2022 18:30;0
15/08/2022 18:45;0
15/08/2022 19:00;0
15/08/2022 19:15;0
15/08/2022 19:30;0
15/08/2022 19:45;0
15/08/2022 20:00;0
15/08/2022 20:15;0
15/08/2022 20:30;0
15/08/2022 20:45;0
15/08/2022 21:00;0
15/08/2022 21:15;0
15/08/2022 21:30;0
15/08/2022 21:45;0
15/08/2022 22:00;0
15/08/2022 22:15;0
15/08/2022 22:30;0
15/08/2022 22:45;0
15/08/2022 23:00;0
15/08/2022 23:15;0
15/08/2022 23:30;0
15/08/2022 23:45;0
16/08/2022 00:00;0
16/08/2022 00:15;0
16/08/2022 00:30;0
16/08/2022 00:45;0
16/08/2022 01:00;0
16/08/2022 01:15;0
16/08/2022 01:30;0
16/08/2022 01:45;0
16/08/2022 02:00;0
16/08/2022 02:15;0
16/08/2022 02:30;0
16/08/2022 02:45;0
16/08/2022 03:00;0
16/08/2022 03:15;0
16/08/2022 03:30;0
16/08/2022 03:45;0
16/08/2022 04:00;0
16/08/2022 04:15;0
16/08/2022 04:30;0
16/08/2022 04:45;0
16/08/2022 05:00;0
16/08/2022 05:15;0
16/08/2022 05:30;0
16/08/2022 05:45;0
16/08/2022 06:00;0
16/08/2022 06:15;0
16/08/2022 06:30;0
16/08/2022 06:45;0
16/08/2022 07:00;0
16/08/2022 07:15;0
16/08/2022 07:30;0
16/08/2022 07:45;0
16/08/2022 08:00;0
16/08/2022 08:15;0
16/08/2022 08:30;0
16/08/2022 08:45;0
16/08/2022 09:00;0
16/08/2022 09:15;0
16/08/2022 09:30;0
16/08/2022 09:45;0
16/08/2022 10:00;0
16/08/2022 10:15;0
16/08/2022 10:30;0
16/08/2022 10:45;0
16/08/2022 11:00;0
16/08/2022 11:15;0
16/08/2022 11:30;0
16/08/2022 11:45;0
16/08/2022 12:00;0
16/08/2022 12:15;0
16/08/2022 12:30;0
16/08/2022 12:45;0
16/08/2022 13:00;0
16/08/2022 13:15;0
16/08/2022 13:30;0
16/08/2022 13:45;0
16/08/2022 14:00;0
16/08/2022 14:15;0
16/08/2022 14:30;0
16/08/2022 14:45;0
16/08/2022 15:00;0.676031493056006
16/08/2022 15:15;0
16/08/2022 15:30;0.066070789071636
16/08/2022 15:45;0
16/08/2022 16:00;0.131380016148688
16/08/2022 16:15;0.727452184671476
16/08/2022 16:30;0.865024626029781
16/08/2022 16:45;0
16/08/2022 17:00;0
16/08/2022 17:15;0
16/08/2022 17:30;0
16/08/2022 17:45;0
16/08/2022 18:00;0
16/08/2022 18:15;0
16/08/2022 18:30;0
16/08/2022 18:45;0
16/08/2022 19:00;0
16/08/2022 19:15;0
16/08/2022 19:30;0
16/08/2022 19:45;0
16/08/2022 20:00;0
16/08/2022 20:15;0
16/08/2022 20:30;0
16/08/2022 20:45;0
16/08/2022 21:00;0
16/08/2022 21:15;0
16/08/2022 21:30;0
16/08/2022 21:45;0
16/08/2022 22:00;0
16/08/2022 22:15;0
16/08/2022 22:30;0
16/08/2022 22:45;0
16/08/2022 23:00;0
16/08/2022 23:15;0
16/08/2022 23:30;0
16/08/2022 23:45;0
17/08/2022 00:00;0
17/08/2022 00:15;0
17/08/2022 00:30;0
17/08/2022 00:45;0
17/08/2022 01:00;0
17/08/2022 01:15;0
17/08/2022 01:30;0
17/08/2022 01:45;0
17/08/2022 02:00;0
17/08/2022 02:15;0
17/08/2022 02:30;0
17/08/2022 02:45;0
17/08/2022 03:00;0
17/08/2022 03:15;0
17/08/2022 03:30;0
17/08/2022 03:45;0
17/08/2022 04:00;0
17/08/2022 04:15;0
17/08/2022 04:30;0
17/08/2022 04:45;0
17/08/2022 05:00;0
17/08/2022 05:15;0
17/08/2022 05:30;0
17/08/2022 05:45;0
17/08/2022 06:00;0
17/08/2022 06:15;0
17/08/2022 06:30;0
17/08/2022 06:45;0
17/08/2022 07:00;0
17/08/2022 07:15;0
17/08/2022 07:30;0
17/08/2022 07:45;0
17/08/2022 08:00;0
17/08/2022 08:15;0
17/08/2022 08:30;0
17/08/2022 08:45;0
17/08/2022 09:00;0
17/08/2022 09:15;0
17/08/2022 09:30;0
17/08/2022 09:45;0
17/08/2022 10:00;0
17/08/2022 10:15;0
17/08/2022 10:30;0
17/08/2022 10:45;0
17/08/2022 11:00;0
17/08/2022 11:15;0
17/08/2022 11:30;0
17/08/2022 11:45;0
17/08/2022 12:00;0
17/08/2022 12:15;0
17/08/2022 12:30;0
17/08/2022 12:45;0
17/08/2022 13:00;0
17/08/2022 13:15;0.157475885622229
17/08/2022 13:30;0.700257722379575
17/08/2022 13:45;0.157475885622229
17/08/2022 14:00;-0.000163209115285373
17/08/2022 14:15;0
17/08/2022 14:30;0
17/08/2022 14:45;0
17/08/2022 15:00;0
17/08/2022 15:15;0
17/08/2022 15:30;0
17/08/2022 15:45;0
17/08/2022 16:00;0
17/08/2022 16:15;0
17/08/2022 16:30;0
17/08/2022 16:45;0
17/08/2022 17:00;0
17/08/2022 17:15;0
17/08/2022 17:30;0
17/08/2022 17:45;0
17/08/2022 18:00;0
17/08/2022 18:15;0
17/08/2022 18:30;0
17/08/2022 18:45;0
17/08/2022 19:00;0
17/08/2022 19:15;0
17/08/2022 19:30;0
17/08/2022 19:45;0
17/08/2022 20:00;0
17/08/2022 20:15;0
17/08/2022 20:30;0
17/08/2022 20:45;0
17/08/2022 21:00;0
17/08/2022 21:15;0
17/08/2022 21:30;0
17/08/2022 21:45;0
17/08/2022 22:00;0
17/08/2022 22:15;0
17/08/2022 22:30;0.0131966323147205
17/08/2022 22:45;0.521459075021021
17/08/2022 23:00;0.0570212122481021
17/08/2022 23:15;1.01318214846241
17/08/2022 23:30;2.99898538421673
17/08/2022 23:45;0.43376250306434
18/08/2022 00:00;0.108605832589568
18/08/2022 00:15;0
18/08/2022 00:30;0
18/08/2022 00:45;0
18/08/2022 01:00;0
18/08/2022 01:15;0
18/08/2022 01:30;0
18/08/2022 01:45;0
18/08/2022 02:00;0
18/08/2022 02:15;0
18/08/2022 02:30;0
18/08/2022 02:45;0.192476846641682
18/08/2022 03:00;0
18/08/2022 03:15;0.020919772623395
18/08/2022 03:30;0.020919772623395
18/08/2022 03:45;0.020919772623395
18/08/2022 04:00;0.020919772623395
18/08/2022 04:15;0
18/08/2022 04:30;0
18/08/2022 04:45;0
18/08/2022 05:00;0
18/08/2022 05:15;0.0018807890846376
18/08/2022 05:30;0.0018807890846376
18/08/2022 05:45;0.0018807890846376
18/08/2022 06:00;0.0018807890846376
18/08/2022 06:15;0
18/08/2022 06:30;0
18/08/2022 06:45;0
18/08/2022 07:00;0
18/08/2022 07:15;0
18/08/2022 07:30;0
18/08/2022 07:45;0
18/08/2022 08:00;0
18/08/2022 08:15;0
18/08/2022 08:30;0
18/08/2022 08:45;0
18/08/2022 09:00;0
18/08/2022 09:15;0
18/08/2022 09:30;0
18/08/2022 09:45;0
18/08/2022 10:00;0
18/08/2022 10:15;0
18/08/2022 10:30;0
18/08/2022 10:45;0
18/08/2022 11:00;0
18/08/2022 11:15;0
18/08/2022 11:30;0
18/08/2022 11:45;0
18/08/2022 12:00;0
18/08/2022 12:15;0
18/08/2022 12:30;0
18/08/2022 12:45;0
18/08/2022 13:00;0
18/08/2022 13:15;0
18/08/2022 13:30;0
18/08/2022 13:45;0
18/08/2022 14:00;0
18/08/2022 14:15;0
18/08/2022 14:30;0
18/08/2022 14:45;0
18/08/2022 15:00;0
18/08/2022 15:15;0
18/08/2022 15:30;0
18/08/2022 15:45;0
18/08/2022 16:00;0
18/08/2022 16:15;0
18/08/2022 16:30;0
18/08/2022 16:45;0
18/08/2022 17:00;0
18/08/2022 17:15;0.516911597834052
18/08/2022 17:30;0.628732688311512
18/08/2022 17:45;1.17520473609337
18/08/2022 18:00;1.65543132893719
18/08/2022 18:15;1.64371590866413
18/08/2022 18:30;0.252880257223631
18/08/2022 18:45;0.113551417674073
18/08/2022 19:00;-7.52315658377739e-05
18/08/2022 19:15;0.116320912486652
18/08/2022 19:30;0
18/08/2022 19:45;0
18/08/2022 20:00;0
18/08/2022 20:15;0
18/08/2022 20:30;0
18/08/2022 20:45;0
18/08/2022 21:00;0
18/08/2022 21:15;0
18/08/2022 21:30;0
18/08/2022 21:45;0
18/08/2022 22:00;0
18/08/2022 22:15;0
18/08/2022 22:30;0
18/08/2022 22:45;0
18/08/2022 23:00;0
18/08/2022 23:15;0
18/08/2022 23:30;0
18/08/2022 23:45;0
19/08/2022 00:00;0
19/08/2022 00:15;0
19/08/2022 00:30;0
19/08/2022 00:45;0
19/08/2022 01:00;0
19/08/2022 01:15;0
19/08/2022 01:30;0
19/08/2022 01:45;0
19/08/2022 02:00;0
19/08/2022 02:15;0
19/08/2022 02:30;0
19/08/2022 02:45;0
19/08/2022 03:00;0
19/08/2022 03:15;0
19/08/2022 03:30;0
19/08/2022 03:45;0
19/08/2022 04:00;0
19/08/2022 04:15;0
19/08/2022 04:30;0
19/08/2022 04:45;0
19/08/2022 05:00;0
19/08/2022 05:15;0
19/08/2022 05:30;0
19/08/2022 05:45;0
19/08/2022 06:00;0
19/08/2022 06:15;0
19/08/2022 06:30;0
19/08/2022 06:45;0
19/08/2022 07:00;0
19/08/2022 07:15;0
19/08/2022 07:30;0
19/08/2022 07:45;0
19/08/2022 08:00;0
19/08/2022 08:15;0
19/08/2022 08:30;0
19/08/2022 08:45;0
19/08/2022 09:00;0
19/08/2022 09:15;0
19/08/2022 09:30;0
19/08/2022 09:45;0
19/08/2022 10:00;0
19/08/2022 10:15;0
19/08/2022 10:30;0
19/08/2022 10:45;0
19/08/2022 11:00;0
19/08/2022 11:15;0
19/08/2022 11:30;0
19/08/2022 11:45;0
19/08/2022 12:00;0
19/08/2022 12:15;0
19/08/2022 12:30;0
19/08/2022 12:45;0
19/08/2022 13:00;0
19/08/2022 13:15;0
19/08/2022 13:30;0
19/08/2022 13:45;0
19/08/2022 14:00;0
19/08/2022 14:15;0
19/08/2022 14:30;0
19/08/2022 14:45;0
19/08/2022 15:00;0
19/08/2022 15:15;0
19/08/2022 15:30;0
19/08/2022 15:45;0
19/08/2022 16:00;0
19/08/2022 16:15;0
19/08/2022 16:30;0
19/08/2022 16:45;0
19/08/2022 17:00;0
19/08/2022 17:15;0
19/08/2022 17:30;0
19/08/2022 17:45;0
19/08/2022 18:00;0
19/08/2022 18:15;0
19/08/2022 18:30;0
19/08/2022 18:45;0
19/08/2022 19:00;0
19/08/2022 19:15;0
19/08/2022 19:30;0
19/08/2022 19:45;0
19/08/2022 20:00;0
19/08/2022 20:15;0
19/08/2022 20:30;0
19/08/2022 20:45;0
19/08/2022 21:00;0
19/08/2022 21:15;0
19/08/2022 21:30;0
19/08/2022 21:45;0
19/08/2022 22:00;0
19/08/2022 22:15;0
19/08/2022 22:30;0
19/08/2022 22:45;0
19/08/2022 23:00;0
19/08/2022 23:15;0
19/08/2022 23:30;0
19/08/2022 23:45;0
20/08/2022 00:00;0
20/08/2022 00:15;0
20/08/2022 00:30;0
20/08/2022 00:45;0
20/08/2022 01:00;0
20/08/2022 01:15;0
20/08/2022 01:30;0
20/08/2022 01:45;0
20/08/2022 02:00;0
20/08/2022 02:15;0
20/08/2022 02:30;0
20/08/2022 02:45;0
20/08/2022 03:00;0
20/08/2022 03:15;0
20/08/2022 03:30;0
20/08/2022 03:45;0
20/08/2022 04:00;0
20/08/2022 04:15;0
20/08/2022 04:30;0
20/08/2022 04:45;0
20/08/2022 05:00;0
20/08/2022 05:15;0
20/08/2022 05:30;0
20/08/2022 05:45;0
20/08/2022 06:00;0
20/08/2022 06:15;0
20/08/2022 06:30;0
20/08/2022 06:45;0
20/08/2022 07:00;0
20/08/2022 07:15;0
20/08/2022 07:30;0
20/08/2022 07:45;0
20/08/2022 08:00;0
20/08/2022 08:15;0
20/08/2022 08:30;0
20/08/2022 08:45;0
20/08/2022 09:00;0
20/08/2022 09:15;0
20/08/2022 09:30;0
20/08/2022 09:45;0
20/08/2022 10:00;0
20/08/2022 10:15;0
20/08/2022 10:30;0
20/08/2022 10:45;0
20/08/2022 11:00;0
20/08/2022 11:15;0
20/08/2022 11:30;0
20/08/2022 11:45;0
20/08/2022 12:00;0
20/08/2022 12:15;0
20/08/2022 12:30;0
20/08/2022 12:45;0
20/08/2022 13:00;0
20/08/2022 13:15;0
20/08/2022 13:30;0
20/08/2022 13:45;0
20/08/2022 14:00;0
20/08/2022 14:15;0
20/08/2022 14:30;0
20/08/2022 14:45;0
20/08/2022 15:00;0
20/08/2022 15:15;0
20/08/2022 15:30;0
20/08/2022 15:45;0
20/08/2022 16:00;0
20/08/2022 16:15;0
20/08/2022 16:30;0
20/08/2022 16:45;0
20/08/2022 17:00;0
20/08/2022 17:15;0
20/08/2022 17:30;0
20/08/2022 17:45;0
20/08/2022 18:00;0
20/08/2022 18:15;0
20/08/2022 18:30;0
20/08/2022 18:45;0
20/08/2022 19:00;0
20/08/2022 19:15;0
20/08/2022 19:30;0
20/08/2022 19:45;0
20/08/2022 20:00;0
20/08/2022 20:15;0
20/08/2022 20:30;0
20/08/2022 20:45;0
20/08/2022 21:00;0
20/08/2022 21:15;0
20/08/2022 21:30;0
20/08/2022 21:45;0
20/08/2022 22:00;0
20/08/2022 22:15;0
20/08/2022 22:30;0
20/08/2022 22:45;0
20/08/2022 23:00;0
20/08/2022 23:15;0
20/08/2022 23:30;0
20/08/2022 23:45;0
21/08/2022 00:00;0
21/08/2022 00:15;0
21/08/2022 00:30;0
21/08/2022 00:45;0
21/08/2022 01:00;0
21/08/2022 01:15;0
21/08/2022 01:30;0
21/08/2022 01:45;0
21/08/2022 02:00;0
21/08/2022 02:15;0
21/08/2022 02:30;0
21/08/2022 02:45;0
21/08/2022 03:00;0
21/08/2022 03:15;0
21/08/2022 03:30;0
21/08/2022 03:45;0
21/08/2022 04:00;0
21/08/2022 04:15;0
21/08/2022 04:30;0
21/08/2022 04:45;0
21/08/2022 05:00;0
21/08/2022 05:15;0
21/08/2022 05:30;0
21/08/2022 05:45;0
21/08/2022 06:00;0
21/08/2022 06:15;0
21/08/2022 06:30;0
21/08/2022 06:45;0
21/08/2022 07:00;0
21/08/2022 07:15;0
21/08/2022 07:30;0
21/08/2022 07:45;0
21/08/2022 08:00;0
21/08/2022 08:15;0
21/08/2022 08:30;0
21/08/2022 08:45;0
21/08/2022 09:00;0
21/08/2022 09:15;0
21/08/2022 09:30;0
21/08/2022 09:45;0
21/08/2022 10:00;0
21/08/2022 10:15;0
21/08/2022 10:30;0
21/08/2022 10:45;0
21/08/2022 11:00;0
21/08/2022 11:15;0
21/08/2022 11:30;0
21/08/2022 11:45;0
21/08/2022 12:00;0
21/08/2022 12:15;0
21/08/2022 12:30;0
21/08/2022 12:45;0
21/08/2022 13:00;0
21/08/2022 13:15;0
21/08/2022 13:30;0
21/08/2022 13:45;0
21/08/2022 14:00;0
21/08/2022 14:15;0
21/08/2022 14:30;0
21/08/2022 14:45;0.275997733428681
21/08/2022 15:00;0.630849906553198
21/08/2022 15:15;2.249900887855
21/08/2022 15:30;1.71680777134452
21/08/2022 15:45;0.841306055612923
21/08/2022 16:00;1.50457839553897
21/08/2022 16:15;0.7729167178121
21/08/2022 16:30;0.646017617999665
21/08/2022 16:45;0.273034974786261
21/08/2022 17:00;0.323427223997702
21/08/2022 17:15;0.0496813513053289
21/08/2022 17:30;0.0496813513053289
21/08/2022 17:45;0.0496813513053289
21/08/2022 18:00;0.0496813513053289
21/08/2022 18:15;0
21/08/2022 18:30;0
21/08/2022 18:45;0
21/08/2022 19:00;0
21/08/2022 19:15;0
21/08/2022 19:30;0
21/08/2022 19:45;0
21/08/2022 20:00;0
21/08/2022 20:15;0
21/08/2022 20:30;0
21/08/2022 20:45;0
21/08/2022 21:00;0
21/08/2022 21:15;0
21/08/2022 21:30;0
21/08/2022 21:45;0
21/08/2022 22:00;0
21/08/2022 22:15;0
21/08/2022 22:30;0
21/08/2022 22:45;0
21/08/2022 23:00;0
21/08/2022 23:15;0
21/08/2022 23:30;0
21/08/2022 23:45;0
22/08/2022 00:00;0
22/08/2022 00:15;0
22/08/2022 00:30;0
22/08/2022 00:45;0
22/08/2022 01:00;0
22/08/2022 01:15;0
22/08/2022 01:30;0
22/08/2022 01:45;0
22/08/2022 02:00;0
22/08/2022 02:15;0
22/08/2022 02:30;0
22/08/2022 02:45;0
22/08/2022 03:00;0
22/08/2022 03:15;0
22/08/2022 03:30;0
22/08/2022 03:45;0
22/08/2022 04:00;0
22/08/2022 04:15;0
22/08/2022 04:30;0
22/08/2022 04:45;0
22/08/2022 05:00;0
22/08/2022 05:15;0
22/08/2022 05:30;0
22/08/2022 05:45;0
22/08/2022 06:00;0
22/08/2022 06:15;0
22/08/2022 06:30;0
22/08/2022 06:45;0
22/08/2022 07:00;0
22/08/2022 07:15;0
22/08/2022 07:30;0
22/08/2022 07:45;0
22/08/2022 08:00;0
22/08/2022 08:15;0
22/08/2022 08:30;0
22/08/2022 08:45;0
22/08/2022 09:00;0
22/08/2022 09:15;0
22/08/2022 09:30;0
22/08/2022 09:45;0
22/08/2022 10:00;0
22/08/2022 10:15;0
22/08/2022 10:30;0
22/08/2022 10:45;0
22/08/2022 11:00;0
22/08/2022 11:15;0
22/08/2022 11:30;0
22/08/2022 11:45;0
22/08/2022 12:00;0
22/08/2022 12:15;0
22/08/2022 12:30;0
22/08/2022 12:45;0
22/08/2022 13:00;0
22/08/2022 13:15;0
22/08/2022 13:30;0
22/08/2022 13:45;0
22/08/2022 14:00;0
22/08/2022 14:15;0
22/08/2022 14:30;0
22/08/2022 14:45;0
22/08/2022 15:00;0
22/08/2022 15:15;0
22/08/2022 15:30;0
22/08/2022 15:45;0
22/08/2022 16:00;0
22/08/2022 16:15;0
22/08/2022 16:30;0
22/08/2022 16:45;0
22/08/2022 17:00;0
22/08/2022 17:15;0
22/08/2022 17:30;0
22/08/2022 17:45;0
22/08/2022 18:00;0
22/08/2022 18:15;0
22/08/2022 18:30;0
22/08/2022 18:45;0
22/08/2022 19:00;0
22/08/2022 19:15;0
22/08/2022 19:30;0
22/08/2022 19:45;0
22/08/2022 20:00;0
22/08/2022 20:15;0
22/08/2022 20:30;0
22/08/2022 20:45;0
22/08/2022 21:00;0
22/08/2022 21:15;0
22/08/2022 21:30;0
22/08/2022 21:45;0
22/08/2022 22:00;0
22/08/2022 22:15;0
22/08/2022 22:30;0
22/08/2022 22:45;0
22/08/2022 23:00;0
22/08/2022 23:15;0
22/08/2022 23:30;0
22/08/2022 23:45;0
23/08/2022 00:00;0
23/08/2022 00:15;0
23/08/2022 00:30;0
23/08/2022 00:45;0
23/08/2022 01:00;0
23/08/2022 01:15;0
23/08/2022 01:30;0
23/08/2022 01:45;0
23/08/2022 02:00;0
23/08/2022 02:15;0
23/08/2022 02:30;0
23/08/2022 02:45;0
23/08/2022 03:00;0
23/08/2022 03:15;0
23/08/2022 03:30;0
23/08/2022 03:45;0
23/08/2022 04:00;0
23/08/2022 04:15;0
23/08/2022 04:30;0
23/08/2022 04:45;0
23/08/2022 05:00;0
23/08/2022 05:15;0
23/08/2022 05:30;0
23/08/2022 05:45;0
23/08/2022 06:00;0
23/08/2022 06:15;0
23/08/2022 06:30;0
23/08/2022 06:45;0
23/08/2022 07:00;0
23/08/2022 07:15;0
23/08/2022 07:30;0
23/08/2022 07:45;0
23/08/2022 08:00;0
23/08/2022 08:15;0
23/08/2022 08:30;0
23/08/2022 08:45;0
23/08/2022 09:00;0
23/08/2022 09:15;0
23/08/2022 09:30;0
23/08/2022 09:45;0
23/08/2022 10:00;0
23/08/2022 10:15;0
23/08/2022 10:30;0
23/08/2022 10:45;0
23/08/2022 11:00;0
23/08/2022 11:15;0
23/08/2022 11:30;0
23/08/2022 11:45;0
23/08/2022 12:00;0
23/08/2022 12:15;0
23/08/2022 12:30;0
23/08/2022 12:45;0
23/08/2022 13:00;0
23/08/2022 13:15;0
23/08/2022 13:30;0
23/08/2022 13:45;0
23/08/2022 14:00;0
23/08/2022 14:15;0
23/08/2022 14:30;0
23/08/2022 14:45;0
23/08/2022 15:00;0
23/08/2022 15:15;0
23/08/2022 15:30;0
23/08/2022 15:45;0
23/08/2022 16:00;0
23/08/2022 16:15;0
23/08/2022 16:30;0
23/08/2022 16:45;0
23/08/2022 17:00;0
23/08/2022 17:15;0
23/08/2022 17:30;0
23/08/2022 17:45;0
23/08/2022 18:00;0
23/08/2022 18:15;0
23/08/2022 18:30;0
23/08/2022 18:45;0
23/08/2022 19:00;0
23/08/2022 19:15;0
23/08/2022 19:30;0
23/08/2022 19:45;0
23/08/2022 20:00;0
23/08/2022 20:15;0
23/08/2022 20:30;0
23/08/2022 20:45;0
23/08/2022 21:00;0
23/08/2022 21:15;0
23/08/2022 21:30;0
23/08/2022 21:45;0
23/08/2022 22:00;0
23/08/2022 22:15;0
23/08/2022 22:30;0
23/08/2022 22:45;0
23/08/2022 23:00;0
23/08/2022 23:15;0
23/08/2022 23:30;0
23/08/2022 23:45;0
24/08/2022 00:00;0
24/08/2022 00:15;0
24/08/2022 00:30;0
24/08/2022 00:45;0
24/08/2022 01:00;0
24/08/2022 01:15;0
24/08/2022 01:30;0
24/08/2022 01:45;0
24/08/2022 02:00;0
24/08/2022 02:15;0
24/08/2022 02:30;0
24/08/2022 02:45;0
24/08/2022 03:00;0
24/08/2022 03:15;0
24/08/2022 03:30;0
24/08/2022 03:45;0
24/08/2022 04:00;0
24/08/2022 04:15;0
24/08/2022 04:30;0
24/08/2022 04:45;0
24/08/2022 05:00;0
24/08/2022 05:15;0
24/08/2022 05:30;0
24/08/2022 05:45;0
24/08/2022 06:00;0
24/08/2022 06:15;0
24/08/2022 06:30;0
24/08/2022 06:45;0
24/08/2022 07:00;0
24/08/2022 07:15;0
24/08/2022 07:30;0
24/08/2022 07:45;0
24/08/2022 08:00;0
24/08/2022 08:15;0
24/08/2022 08:30;0
24/08/2022 08:45;0
24/08/2022 09:00;0
24/08/2022 09:15;0
24/08/2022 09:30;0
24/08/2022 09:45;0
24/08/2022 10:00;0
24/08/2022 10:15;0
24/08/2022 10:30;0
24/08/2022 10:45;0
24/08/2022 11:00;0
24/08/2022 11:15;0
24/08/2022 11:30;0
24/08/2022 11:45;0
24/08/2022 12:00;0
24/08/2022 12:15;0
24/08/2022 12:30;0
24/08/2022 12:45;0
24/08/2022 13:00;0
24/08/2022 13:15;0
24/08/2022 13:30;0
24/08/2022 13:45;0
24/08/2022 14:00;0
24/08/2022 14:15;0
24/08/2022 14:30;0
24/08/2022 14:45;0
24/08/2022 15:00;0
24/08/2022 15:15;0
24/08/2022 15:30;0
24/08/2022 15:45;0
24/08/2022 16:00;0
24/08/2022 16:15;0
24/08/2022 16:30;0
24/08/2022 16:45;0
24/08/2022 17:00;0
24/08/2022 17:15;0
24/08/2022 17:30;0
24/08/2022 17:45;0
24/08/2022 18:00;0
24/08/2022 18:15;0
24/08/2022 18:30;0
24/08/2022 18:45;0
24/08/2022 19:00;0
24/08/2022 19:15;0
24/08/2022 19:30;0
24/08/2022 19:45;0
24/08/2022 20:00;0
24/08/2022 20:15;0
24/08/2022 20:30;0
24/08/2022 20:45;0
24/08/2022 21:00;0
24/08/2022 21:15;0
24/08/2022 21:30;0
24/08/2022 21:45;0
24/08/2022 22:00;0
24/08/2022 22:15;0
24/08/2022 22:30;0
24/08/2022 22:45;0
24/08/2022 23:00;0
24/08/2022 23:15;0
24/08/2022 23:30;0
24/08/2022 23:45;0
25/08/2022 00:00;0
25/08/2022 00:15;0
25/08/2022 00:30;0
25/08/2022 00:45;0
25/08/2022 01:00;0
25/08/2022 01:15;0
25/08/2022 01:30;0
25/08/2022 01:45;0
25/08/2022 02:00;0
25/08/2022 02:15;0
25/08/2022 02:30;0
25/08/2022 02:45;0
25/08/2022 03:00;0
25/08/2022 03:15;0
25/08/2022 03:30;0
25/08/2022 03:45;0
25/08/2022 04:00;0
25/08/2022 04:15;0
25/08/2022 04:30;0
25/08/2022 04:45;0
25/08/2022 05:00;0
25/08/2022 05:15;0
25/08/2022 05:30;0
25/08/2022 05:45;0
25/08/2022 06:00;0
25/08/2022 06:15;0
25/08/2022 06:30;0
25/08/2022 06:45;0
25/08/2022 07:00;0
25/08/2022 07:15;0
25/08/2022 07:30;0
25/08/2022 07:45;0
25/08/2022 08:00;0
25/08/2022 08:15;0
25/08/2022 08:30;0
25/08/2022 08:45;0
25/08/2022 09:00;0
25/08/2022 09:15;0
25/08/2022 09:30;0
25/08/2022 09:45;0
25/08/2022 10:00;0
25/08/2022 10:15;0
25/08/2022 10:30;0
25/08/2022 10:45;0
25/08/2022 11:00;0
25/08/2022 11:15;0
25/08/2022 11:30;0
25/08/2022 11:45;0
25/08/2022 12:00;0
25/08/2022 12:15;0
25/08/2022 12:30;0
25/08/2022 12:45;0
25/08/2022 13:00;0
25/08/2022 13:15;0
25/08/2022 13:30;0
25/08/2022 13:45;0
25/08/2022 14:00;0
25/08/2022 14:15;0
25/08/2022 14:30;0
25/08/2022 14:45;0
25/08/2022 15:00;0
25/08/2022 15:15;0
25/08/2022 15:30;0
25/08/2022 15:45;0
25/08/2022 16:00;0
25/08/2022 16:15;0
25/08/2022 16:30;0
25/08/2022 16:45;1.53489420149165
25/08/2022 17:00;4.38769853328159
25/08/2022 17:15;0.00752315633855041
25/08/2022 17:30;0
25/08/2022 17:45;0
25/08/2022 18:00;0
25/08/2022 18:15;0
25/08/2022 18:30;0
25/08/2022 18:45;0
25/08/2022 19:00;0
25/08/2022 19:15;0
25/08/2022 19:30;0
25/08/2022 19:45;0
25/08/2022 20:00;0
25/08/2022 20:15;0
25/08/2022 20:30;0
25/08/2022 20:45;0
25/08/2022 21:00;0
25/08/2022 21:15;0
25/08/2022 21:30;0
25/08/2022 21:45;0
25/08/2022 22:00;0
25/08/2022 22:15;0
25/08/2022 22:30;0
25/08/2022 22:45;0
25/08/2022 23:00;0
25/08/2022 23:15;0
25/08/2022 23:30;0
25/08/2022 23:45;0
26/08/2022 00:00;0
26/08/2022 00:15;0
26/08/2022 00:30;0
26/08/2022 00:45;0
26/08/2022 01:00;0
26/08/2022 01:15;0
26/08/2022 01:30;0
26/08/2022 01:45;0
26/08/2022 02:00;0
26/08/2022 02:15;0
26/08/2022 02:30;0
26/08/2022 02:45;0
26/08/2022 03:00;0
26/08/2022 03:15;0
26/08/2022 03:30;1.11191298426163
26/08/2022 03:45;1.55660042787017
26/08/2022 04:00;0.426388113815054
26/08/2022 04:15;0
26/08/2022 04:30;0
26/08/2022 04:45;0
26/08/2022 05:00;0
26/08/2022 05:15;0
26/08/2022 05:30;0
26/08/2022 05:45;0
26/08/2022 06:00;0
26/08/2022 06:15;0
26/08/2022 06:30;0
26/08/2022 06:45;0
26/08/2022 07:00;0
26/08/2022 07:15;0
26/08/2022 07:30;0
26/08/2022 07:45;0
26/08/2022 08:00;0
26/08/2022 08:15;0
26/08/2022 08:30;0
26/08/2022 08:45;0
26/08/2022 09:00;0
26/08/2022 09:15;0
26/08/2022 09:30;0
26/08/2022 09:45;0
26/08/2022 10:00;0
26/08/2022 10:15;0.00439887732899286
26/08/2022 10:30;0.00439887732899286
26/08/2022 10:45;0.00439887732899286
26/08/2022 11:00;0.00439887732899286
26/08/2022 11:15;0
26/08/2022 11:30;0.0234900036848478
26/08/2022 11:45;0
26/08/2022 12:00;0.285307760927616
26/08/2022 12:15;0.287365648036853
26/08/2022 12:30;0
26/08/2022 12:45;0
26/08/2022 13:00;0.156498683484766
26/08/2022 13:15;0
26/08/2022 13:30;0.295073268578315
26/08/2022 13:45;0.431876615043672
26/08/2022 14:00;0.464252350454582
26/08/2022 14:15;0.704151409242499
26/08/2022 14:30;0.60349736217268
26/08/2022 14:45;1.29797119554432
26/08/2022 15:00;0.613250123244755
26/08/2022 15:15;0.273295171902559
26/08/2022 15:30;0.455267420487216
26/08/2022 15:45;0.181972248584657
26/08/2022 16:00;0.190739765259628
26/08/2022 16:15;0
26/08/2022 16:30;0
26/08/2022 16:45;0
26/08/2022 17:00;0
26/08/2022 17:15;0
26/08/2022 17:30;0
26/08/2022 17:45;0
26/08/2022 18:00;0
26/08/2022 18:15;0.0456011234160652
26/08/2022 18:30;0.0456011234160652
26/08/2022 18:45;0.0719943880455062
26/08/2022 19:00;0.0456011234160652
26/08/2022 19:15;0
26/08/2022 19:30;0
26/08/2022 19:45;0
26/08/2022 20:00;0
26/08/2022 20:15;0
26/08/2022 20:30;0
26/08/2022 20:45;0
26/08/2022 21:00;0
26/08/2022 21:15;0
26/08/2022 21:30;0
26/08/2022 21:45;0
26/08/2022 22:00;0
26/08/2022 22:15;0
26/08/2022 22:30;0
26/08/2022 22:45;0
26/08/2022 23:00;0
26/08/2022 23:15;0
26/08/2022 23:30;0
26/08/2022 23:45;0
27/08/2022 00:00;0
27/08/2022 00:15;0
27/08/2022 00:30;0
27/08/2022 00:45;0
27/08/2022 01:00;0
27/08/2022 01:15;0
27/08/2022 01:30;0
27/08/2022 01:45;0
27/08/2022 02:00;0
27/08/2022 02:15;0
27/08/2022 02:30;0
27/08/2022 02:45;0
27/08/2022 03:00;0
27/08/2022 03:15;0
27/08/2022 03:30;0
27/08/2022 03:45;0
27/08/2022 04:00;0
27/08/2022 04:15;0
27/08/2022 04:30;0
27/08/2022 04:45;0
27/08/2022 05:00;0
27/08/2022 05:15;0
27/08/2022 05:30;0
27/08/2022 05:45;0
27/08/2022 06:00;0
27/08/2022 06:15;0
27/08/2022 06:30;0
27/08/2022 06:45;0
27/08/2022 07:00;0
27/08/2022 07:15;0
27/08/2022 07:30;0
27/08/2022 07:45;0
27/08/2022 08:00;0
27/08/2022 08:15;0
27/08/2022 08:30;0
27/08/2022 08:45;0
27/08/2022 09:00;0
27/08/2022 09:15;0
27/08/2022 09:30;0
27/08/2022 09:45;0
27/08/2022 10:00;0
27/08/2022 10:15;0
27/08/2022 10:30;0
27/08/2022 10:45;0
27/08/2022 11:00;0
27/08/2022 11:15;0
27/08/2022 11:30;0
27/08/2022 11:45;0
27/08/2022 12:00;0
27/08/2022 12:15;0
27/08/2022 12:30;0
27/08/2022 12:45;0
27/08/2022 13:00;0
27/08/2022 13:15;0
27/08/2022 13:30;0
27/08/2022 13:45;0
27/08/2022 14:00;0
27/08/2022 14:15;0
27/08/2022 14:30;0
27/08/2022 14:45;0
27/08/2022 15:00;0
27/08/2022 15:15;0
27/08/2022 15:30;0
27/08/2022 15:45;0
27/08/2022 16:00;0
27/08/2022 16:15;0
27/08/2022 16:30;0
27/08/2022 16:45;0
27/08/2022 17:00;0
27/08/2022 17:15;0
27/08/2022 17:30;0
27/08/2022 17:45;0
27/08/2022 18:00;0
27/08/2022 18:15;0
27/08/2022 18:30;0
27/08/2022 18:45;0
27/08/2022 19:00;0
27/08/2022 19:15;0
27/08/2022 19:30;0
27/08/2022 19:45;0
27/08/2022 20:00;0
27/08/2022 20:15;0
27/08/2022 20:30;0
27/08/2022 20:45;0
27/08/2022 21:00;0
27/08/2022 21:15;0
27/08/2022 21:30;0
27/08/2022 21:45;0
27/08/2022 22:00;0
27/08/2022 22:15;0
27/08/2022 22:30;0
27/08/2022 22:45;0
27/08/2022 23:00;0
27/08/2022 23:15;0
27/08/2022 23:30;0
27/08/2022 23:45;0
28/08/2022 00:00;0
28/08/2022 00:15;0
28/08/2022 00:30;0
28/08/2022 00:45;0
28/08/2022 01:00;0
28/08/2022 01:15;0
28/08/2022 01:30;0
28/08/2022 01:45;0
28/08/2022 02:00;0
28/08/2022 02:15;0
28/08/2022 02:30;0
28/08/2022 02:45;0
28/08/2022 03:00;0
28/08/2022 03:15;0
28/08/2022 03:30;0
28/08/2022 03:45;0
28/08/2022 04:00;0
28/08/2022 04:15;0
28/08/2022 04:30;0
28/08/2022 04:45;0
28/08/2022 05:00;0
28/08/2022 05:15;0
28/08/2022 05:30;0
28/08/2022 05:45;0
28/08/2022 06:00;0
28/08/2022 06:15;0
28/08/2022 06:30;0
28/08/2022 06:45;0
28/08/2022 07:00;0
28/08/2022 07:15;0
28/08/2022 07:30;0
28/08/2022 07:45;0
28/08/2022 08:00;0
28/08/2022 08:15;0
28/08/2022 08:30;0
28/08/2022 08:45;0
28/08/2022 09:00;0
28/08/2022 09:15;0
28/08/2022 09:30;0
28/08/2022 09:45;0
28/08/2022 10:00;0
28/08/2022 10:15;0
28/08/2022 10:30;0
28/08/2022 10:45;0
28/08/2022 11:00;0
28/08/2022 11:15;0
28/08/2022 11:30;0
28/08/2022 11:45;0
28/08/2022 12:00;0
28/08/2022 12:15;0
28/08/2022 12:30;0
28/08/2022 12:45;0
28/08/2022 13:00;0
28/08/2022 13:15;0
28/08/2022 13:30;0
28/08/2022 13:45;0
28/08/2022 14:00;0
28/08/2022 14:15;0
28/08/2022 14:30;0
28/08/2022 14:45;0
28/08/2022 15:00;0
28/08/2022 15:15;0
28/08/2022 15:30;0
28/08/2022 15:45;0
28/08/2022 16:00;0
28/08/2022 16:15;0
28/08/2022 16:30;0
28/08/2022 16:45;0
28/08/2022 17:00;0
28/08/2022 17:15;0
28/08/2022 17:30;0
28/08/2022 17:45;0
28/08/2022 18:00;0
28/08/2022 18:15;0
28/08/2022 18:30;0
28/08/2022 18:45;0
28/08/2022 19:00;0
28/08/2022 19:15;0
28/08/2022 19:30;0
28/08/2022 19:45;0
28/08/2022 20:00;0
28/08/2022 20:15;0
28/08/2022 20:30;0
28/08/2022 20:45;0
28/08/2022 21:00;0
28/08/2022 21:15;0
28/08/2022 21:30;0
28/08/2022 21:45;0
28/08/2022 22:00;0
28/08/2022 22:15;0
28/08/2022 22:30;0
28/08/2022 22:45;0
28/08/2022 23:00;0
28/08/2022 23:15;0
28/08/2022 23:30;0
28/08/2022 23:45;0
29/08/2022 00:00;0
29/08/2022 00:15;0
29/08/2022 00:30;0
29/08/2022 00:45;0
29/08/2022 01:00;0
29/08/2022 01:15;0
29/08/2022 01:30;0
29/08/2022 01:45;0
29/08/2022 02:00;0
29/08/2022 02:15;0
29/08/2022 02:30;0
29/08/2022 02:45;0
29/08/2022 03:00;0
29/08/2022 03:15;0
29/08/2022 03:30;0
29/08/2022 03:45;0
29/08/2022 04:00;0
29/08/2022 04:15;0
29/08/2022 04:30;0
29/08/2022 04:45;0
29/08/2022 05:00;0
29/08/2022 05:15;0
29/08/2022 05:30;0
29/08/2022 05:45;0
29/08/2022 06:00;0
29/08/2022 06:15;0
29/08/2022 06:30;0
29/08/2022 06:45;0
29/08/2022 07:00;0
29/08/2022 07:15;0
29/08/2022 07:30;0
29/08/2022 07:45;0
29/08/2022 08:00;0
29/08/2022 08:15;0
29/08/2022 08:30;0
29/08/2022 08:45;0
29/08/2022 09:00;0
29/08/2022 09:15;0
29/08/2022 09:30;0
29/08/2022 09:45;0
29/08/2022 10:00;0
29/08/2022 10:15;0
29/08/2022 10:30;0
29/08/2022 10:45;0
29/08/2022 11:00;0
29/08/2022 11:15;0
29/08/2022 11:30;0
29/08/2022 11:45;0
29/08/2022 12:00;0
29/08/2022 12:15;0
29/08/2022 12:30;0
29/08/2022 12:45;0
29/08/2022 13:00;0
29/08/2022 13:15;0
29/08/2022 13:30;0
29/08/2022 13:45;0
29/08/2022 14:00;0
29/08/2022 14:15;0
29/08/2022 14:30;0
29/08/2022 14:45;0
29/08/2022 15:00;0
29/08/2022 15:15;0
29/08/2022 15:30;0
29/08/2022 15:45;0
29/08/2022 16:00;0
29/08/2022 16:15;0
29/08/2022 16:30;0
29/08/2022 16:45;0
29/08/2022 17:00;0
29/08/2022 17:15;0
29/08/2022 17:30;0
29/08/2022 17:45;0
29/08/2022 18:00;0
29/08/2022 18:15;0
29/08/2022 18:30;0
29/08/2022 18:45;0
29/08/2022 19:00;0
29/08/2022 19:15;0
29/08/2022 19:30;0
29/08/2022 19:45;0
29/08/2022 20:00;0
29/08/2022 20:15;0
29/08/2022 20:30;0
29/08/2022 20:45;0
29/08/2022 21:00;0
29/08/2022 21:15;0
29/08/2022 21:30;0
29/08/2022 21:45;0
29/08/2022 22:00;0
29/08/2022 22:15;0
29/08/2022 22:30;0
29/08/2022 22:45;0
29/08/2022 23:00;0
29/08/2022 23:15;0
29/08/2022 23:30;0
29/08/2022 23:45;0
30/08/2022 00:00;0
30/08/2022 00:15;0
30/08/2022 00:30;0
30/08/2022 00:45;0
30/08/2022 01:00;0
30/08/2022 01:15;0
30/08/2022 01:30;0
30/08/2022 01:45;0
30/08/2022 02:00;0
30/08/2022 02:15;0
30/08/2022 02:30;0
30/08/2022 02:45;0
30/08/2022 03:00;0
30/08/2022 03:15;0
30/08/2022 03:30;0
30/08/2022 03:45;0
30/08/2022 04:00;0
30/08/2022 04:15;0
30/08/2022 04:30;0
30/08/2022 04:45;0
30/08/2022 05:00;0
30/08/2022 05:15;0
30/08/2022 05:30;0
30/08/2022 05:45;0.0175955093159714
30/08/2022 06:00;0
30/08/2022 06:15;0
30/08/2022 06:30;0
30/08/2022 06:45;0
30/08/2022 07:00;0
30/08/2022 07:15;0
30/08/2022 07:30;0
30/08/2022 07:45;0
30/08/2022 08:00;0
30/08/2022 08:15;0
30/08/2022 08:30;0
30/08/2022 08:45;0
30/08/2022 09:00;0
30/08/2022 09:15;0
30/08/2022 09:30;0
30/08/2022 09:45;0
30/08/2022 10:00;0
30/08/2022 10:15;0
30/08/2022 10:30;0
30/08/2022 10:45;0
30/08/2022 11:00;0
30/08/2022 11:15;0
30/08/2022 11:30;0
30/08/2022 11:45;0
30/08/2022 12:00;0
30/08/2022 12:15;0
30/08/2022 12:30;0
30/08/2022 12:45;0
30/08/2022 13:00;0
30/08/2022 13:15;0
30/08/2022 13:30;0
30/08/2022 13:45;0
30/08/2022 14:00;0
30/08/2022 14:15;0
30/08/2022 14:30;0
30/08/2022 14:45;0
30/08/2022 15:00;0
30/08/2022 15:15;0
30/08/2022 15:30;0
30/08/2022 15:45;0.0787010153050575
30/08/2022 16:00;0.13009674233316
30/08/2022 16:15;0.110647437398743
30/08/2022 16:30;0.00439887732899286
30/08/2022 16:45;0.00439887732899286
30/08/2022 17:00;0.00439887732899286
30/08/2022 17:15;0
30/08/2022 17:30;0
30/08/2022 17:45;0
30/08/2022 18:00;0
30/08/2022 18:15;0
30/08/2022 18:30;0
30/08/2022 18:45;0
30/08/2022 19:00;0
30/08/2022 19:15;0
30/08/2022 19:30;0
30/08/2022 19:45;0
30/08/2022 20:00;0
30/08/2022 20:15;0.12510065491725
30/08/2022 20:30;0
30/08/2022 20:45;0.926661641295872
30/08/2022 21:00;3.25126149018875
30/08/2022 21:15;1.65057264043759
30/08/2022 21:30;2.55936220491537
30/08/2022 21:45;0.525131614546479
30/08/2022 22:00;0
30/08/2022 22:15;0
30/08/2022 22:30;0
30/08/2022 22:45;0
30/08/2022 23:00;0
30/08/2022 23:15;0
30/08/2022 23:30;0
30/08/2022 23:45;0
31/08/2022 00:00;0
31/08/2022 00:15;0
31/08/2022 00:30;0
31/08/2022 00:45;0
31/08/2022 01:00;0
31/08/2022 01:15;0
31/08/2022 01:30;0
31/08/2022 01:45;0
31/08/2022 02:00;0
31/08/2022 02:15;0
31/08/2022 02:30;0
31/08/2022 02:45;0
31/08/2022 03:00;0
31/08/2022 03:15;0
31/08/2022 03:30;0
31/08/2022 03:45;0
31/08/2022 04:00;0
31/08/2022 04:15;0
31/08/2022 04:30;0
31/08/2022 04:45;0
31/08/2022 05:00;0
31/08/2022 05:15;0
31/08/2022 05:30;0
31/08/2022 05:45;0
31/08/2022 06:00;0
31/08/2022 06:15;0
31/08/2022 06:30;0
31/08/2022 06:45;0
31/08/2022 07:00;0
31/08/2022 07:15;0
31/08/2022 07:30;0
31/08/2022 07:45;0
31/08/2022 08:00;0
31/08/2022 08:15;0
31/08/2022 08:30;0
31/08/2022 08:45;0
31/08/2022 09:00;0
31/08/2022 09:15;0
31/08/2022 09:30;0
31/08/2022 09:45;0
31/08/2022 10:00;0
31/08/2022 10:15;0
31/08/2022 10:30;0
31/08/2022 10:45;0
31/08/2022 11:00;0
31/08/2022 11:15;0
31/08/2022 11:30;0
31/08/2022 11:45;0
31/08/2022 12:00;0
31/08/2022 12:15;0
31/08/2022 12:30;0
31/08/2022 12:45;0
31/08/2022 13:00;0
31/08/2022 13:15;0
31/08/2022 13:30;0
31/08/2022 13:45;0
31/08/2022 14:00;0
31/08/2022 14:15;0
31/08/2022 14:30;0
31/08/2022 14:45;0
31/08/2022 15:00;0
31/08/2022 15:15;0
31/08/2022 15:30;0
31/08/2022 15:45;0
31/08/2022 16:00;0
31/08/2022 16:15;0.020919772623395
31/08/2022 16:30;0.020919772623395
31/08/2022 16:45;0.020919772623395
31/08/2022 17:00;0.020919772623395
31/08/2022 17:15;0.42639326796797
31/08/2022 17:30;0
31/08/2022 17:45;0
31/08/2022 18:00;0
31/08/2022 18:15;0
31/08/2022 18:30;0
31/08/2022 18:45;0.0105573051962926
31/08/2022 19:00;0.524159071571932
31/08/2022 19:15;0.568534136270185
31/08/2022 19:30;0.251616822677221
31/08/2022 19:45;0.419357121648422
31/08/2022 20:00;0.493133734150396
31/08/2022 20:15;0.347946950117401
31/08/2022 20:30;0.450864261451928
31/08/2022 20:45;0.00958955220357867
31/08/2022 21:00;0.0192670821307178
31/08/2022 21:15;0.513121991064008
31/08/2022 21:30;1.65019476880541
31/08/2022 21:45;1.11243906682345
31/08/2022 22:00;0.0953017264163392
31/08/2022 22:15;0
31/08/2022 22:30;0
31/08/2022 22:45;0
31/08/2022 23:00;0
31/08/2022 23:15;0
31/08/2022 23:30;0
31/08/2022 23:45;0
